elapsed_seconds,stage,phase,commanded_duty_percent,observed_rpm,pulse_count,source_time_seconds,prometheus_rpm,prometheus_source_time_seconds,member_01_celsius,member_02_celsius,member_03_celsius,member_04_celsius
0.0,100,settling,100,36.0,6,1791503782.005902,36.0,1791503782.005902,42.842,40.894,42.45,50.7
5.435091972351074,100,settling,100,1362.0,227,1791503787.0056958,36.0,1791503782.005902,42.355,40.894,44.1,50.7
10.748844861984253,100,settling,100,1806.0,301,1791503792.0258684,1806.0,1791503792.0258684,42.355,42.355,44.1,50.15
16.078513860702515,100,settling,100,1824.0,304,1791503797.0466871,1806.0,1791503792.0258684,42.355,42.355,43.0,50.15
21.35780096054077,100,settling,100,1824.0,304,1791503802.0504024,1824.0,1791503802.0504024,42.355,40.407,43.0,49.6
26.69454598426819,100,settling,100,1830.0,305,1791503807.07056,1824.0,1791503802.0504024,39.433,40.407,41.35,49.6
32.0548939704895,100,measuring,100,1824.0,304,1791503812.0793328,1824.0,1791503812.0793328,39.433,39.433,41.35,47.4
37.51181197166443,100,measuring,100,1830.0,305,1791503817.1031191,1824.0,1791503812.0793328,40.407,39.433,41.35,47.4
42.80024600028992,100,measuring,100,1824.0,304,1791503822.1064563,1824.0,1791503822.1064563,40.407,39.433,41.35,46.85
48.130998849868774,100,measuring,100,1824.0,304,1791503827.1228778,1824.0,1791503822.1064563,37.972,39.433,39.15,46.85
55.074702978134155,100,measuring,100,1824.0,304,1791503837.1630626,1824.0,1791503832.1388135,38.946,38.459,39.15,44.1
60.379765033721924,100,measuring,100,1818.0,303,1791503842.1642904,1818.0,1791503842.1642904,38.459,37.972,39.15,44.1
65.70561909675598,100,measuring,100,1830.0,305,1791503847.1999626,1818.0,1791503842.1642904,38.946,37.972,39.7,44.1
71.01440906524658,100,measuring,100,1830.0,305,1791503852.2253363,1830.0,1791503852.2253363,37.972,39.433,39.7,44.1
76.40350294113159,100,measuring,100,1824.0,304,1791503857.2372215,1830.0,1791503852.2253363,38.946,39.433,39.15,44.1
81.7544310092926,100,measuring,100,1824.0,304,1791503862.2489138,1824.0,1791503862.2489138,38.946,38.459,39.15,43.0
87.09255194664001,100,measuring,100,1830.0,305,1791503867.2689323,1824.0,1791503862.2489138,36.511,38.459,38.6,43.0
92.43594884872437,100,measuring,100,1830.0,305,1791503872.286192,1830.0,1791503872.286192,36.998,37.485,38.6,43.0
100.07290887832642,75,settling,75,1824.0,304,1791503882.3504512,1824.0,1791503877.3035543,37.972,37.972,37.5,43.0
107.0274908542633,75,settling,75,1608.0,268,1791503887.3583574,1824.0,1791503877.3035543,37.485,37.972,38.05,43.0
112.40167593955994,75,settling,75,1518.0,253,1791503892.3728528,1608.0,1791503887.3583574,36.998,38.459,38.05,41.9
117.7324869632721,75,settling,75,1518.0,253,1791503897.3814745,1608.0,1791503887.3583574,36.998,38.459,38.6,41.9
123.01505279541016,75,settling,75,1518.0,253,1791503902.3958883,1518.0,1791503897.3814745,36.998,37.485,38.6,41.9
128.33094787597656,75,settling,75,1524.0,254,1791503907.419335,1518.0,1791503897.3814745,37.485,37.485,38.6,41.9
133.65188884735107,75,measuring,75,1518.0,253,1791503912.439204,1524.0,1791503907.419335,36.024,37.485,38.6,43.55
138.95093417167664,75,measuring,75,1530.0,255,1791503917.4388192,1524.0,1791503907.419335,36.998,37.485,38.6,43.55
144.28324103355408,75,measuring,75,1524.0,254,1791503923.6419275,1530.0,1791503917.4388192,37.485,36.998,38.6,43.0
149.6718668937683,75,measuring,75,1524.0,254,1791503928.6364875,1524.0,1791503928.6364875,36.511,36.998,36.95,43.0
155.03425693511963,75,measuring,75,1524.0,254,1791503933.6663082,1524.0,1791503928.6364875,36.511,36.998,36.95,43.55
160.5470049381256,75,measuring,75,1518.0,253,1791503938.6840496,1518.0,1791503938.6840496,40.894,36.998,38.05,43.55
165.90728402137756,75,measuring,75,1524.0,254,1791503948.7086272,1518.0,1791503938.6840496,39.433,37.485,37.5,43.0
171.2358260154724,75,measuring,75,1518.0,253,1791503953.7224185,1524.0,1791503948.7086272,39.92,36.511,37.5,42.45
176.72525191307068,75,measuring,75,1524.0,254,1791503958.7448623,1524.0,1791503948.7086272,36.998,36.511,37.5,42.45
182.0040111541748,75,measuring,75,1530.0,255,1791503963.758315,1524.0,1791503958.7448623,37.972,36.024,37.5,42.45
187.35344696044922,75,measuring,75,1530.0,255,1791503968.7733245,1524.0,1791503958.7448623,37.485,36.024,38.05,42.45
192.6705150604248,75,measuring,75,1524.0,254,1791503973.7847006,1530.0,1791503968.7733245,37.485,37.485,38.05,41.9
197.95838403701782,75,measuring,75,1524.0,254,1791503978.804139,1530.0,1791503968.7733245,38.459,37.485,37.5,41.9
203.20128178596497,50,settling,50,1524.0,254,1791503984.6884353,1524.0,1791503978.804139,37.485,36.511,37.5,41.9
208.53752207756042,50,settling,50,1290.0,215,1791503989.7007134,1524.0,1791503978.804139,37.485,36.511,38.6,41.9
216.30995297431946,50,settling,50,1176.0,196,1791503994.706689,1290.0,1791503989.7007134,39.433,37.485,38.6,43.0
221.6160409450531,50,settling,50,1176.0,196,1791503999.729736,1176.0,1791503999.729736,37.972,37.485,38.6,43.0
226.99471402168274,50,settling,50,1182.0,197,1791504009.7633498,1176.0,1791503999.729736,37.485,36.024,38.05,43.55
232.35388588905334,50,settling,50,1176.0,196,1791504014.7945702,1182.0,1791504009.7633498,37.972,36.998,38.6,43.55
237.65781092643738,50,measuring,50,1176.0,196,1791504019.8038683,1182.0,1791504009.7633498,37.972,36.998,38.6,43.55
242.97960996627808,50,measuring,50,1182.0,197,1791504024.819881,1176.0,1791504019.8038683,36.998,37.972,38.6,45.2
248.356449842453,50,measuring,50,1182.0,197,1791504029.8306007,1176.0,1791504019.8038683,39.92,37.972,38.6,45.2
253.74057793617249,50,measuring,50,1182.0,197,1791504034.8519993,1182.0,1791504029.8306007,38.459,38.946,39.15,45.2
259.1141369342804,50,measuring,50,1176.0,196,1791504039.848097,1182.0,1791504029.8306007,38.459,38.946,39.15,45.2
264.4860429763794,50,measuring,50,1176.0,196,1791504044.8620355,1176.0,1791504039.848097,36.998,38.459,38.05,45.2
269.8316078186035,50,measuring,50,1176.0,196,1791504049.8787918,1176.0,1791504049.8787918,38.946,38.459,38.05,45.2
275.15272998809814,50,measuring,50,1176.0,196,1791504054.9059005,1176.0,1791504049.8787918,40.407,37.972,39.15,45.2
280.44807982444763,50,measuring,50,1176.0,196,1791504059.9173338,1176.0,1791504059.9173338,40.407,37.972,39.15,45.2
285.7691249847412,50,measuring,50,1176.0,196,1791504064.9456306,1176.0,1791504059.9173338,37.485,38.946,38.6,45.2
291.10403990745544,50,measuring,50,1182.0,197,1791504069.959264,1182.0,1791504069.959264,37.485,38.946,38.6,45.2
296.3911120891571,50,measuring,50,1182.0,197,1791504074.9764228,1182.0,1791504069.959264,38.946,37.972,37.5,45.2
301.72337198257446,50,measuring,50,1182.0,197,1791504079.9869905,1182.0,1791504079.9869905,38.946,37.972,37.5,45.2
309.6153438091278,30,settling,30,1242.0,207,1791504090.034651,1242.0,1791504090.034651,38.946,37.485,39.15,46.3
314.94351387023926,30,settling,30,1140.0,190,1791504095.0388556,1242.0,1791504090.034651,38.459,39.433,38.05,48.5
320.29120993614197,30,settling,30,834.0,139,1791504100.0490727,834.0,1791504100.0490727,40.407,39.433,38.05,48.5
325.6045229434967,30,settling,30,816.0,136,1791504105.0681374,834.0,1791504100.0490727,40.894,37.972,40.25,44.65
330.915146112442,30,settling,30,816.0,136,1791504110.091822,816.0,1791504110.091822,39.433,37.972,40.25,44.65
336.284765958786,30,settling,30,816.0,136,1791504115.0882936,816.0,1791504110.091822,39.433,38.946,41.35,45.2
341.61058378219604,30,measuring,30,816.0,136,1791504120.1284504,816.0,1791504120.1284504,38.946,38.946,41.35,45.2
346.9317100048065,30,measuring,30,816.0,136,1791504125.1149402,816.0,1791504120.1284504,38.946,39.92,40.8,46.3
352.42652702331543,30,measuring,30,822.0,137,1791504135.1719217,816.0,1791504130.1454263,40.407,39.92,41.35,47.4
357.76846504211426,30,measuring,30,816.0,136,1791504140.177197,816.0,1791504130.1454263,40.407,39.92,41.35,47.4
363.0488431453705,30,measuring,30,816.0,136,1791504145.1678352,816.0,1791504140.177197,39.92,39.92,41.35,49.05
368.39114594459534,30,measuring,30,816.0,136,1791504150.2020135,816.0,1791504140.177197,40.407,39.92,41.35,49.05
373.69584107398987,30,measuring,30,816.0,136,1791504155.2259676,816.0,1791504150.2020135,41.381,39.92,41.9,47.95
378.9797899723053,30,measuring,30,816.0,136,1791504160.2387483,816.0,1791504150.2020135,40.407,39.92,41.9,47.95
384.3081958293915,30,measuring,30,810.0,135,1791504165.2502978,816.0,1791504160.2387483,39.92,38.946,41.9,47.95
389.6452269554138,30,measuring,30,816.0,136,1791504170.2749815,816.0,1791504170.2749815,40.894,39.92,41.9,47.95
394.98551201820374,30,measuring,30,834.0,139,1791504175.3353097,816.0,1791504170.2749815,41.868,39.92,42.45,50.15
400.3338770866394,30,measuring,30,816.0,136,1791504180.329782,816.0,1791504180.329782,39.92,40.407,42.45,50.15
405.70698595046997,30,measuring,30,816.0,136,1791504185.3607023,816.0,1791504180.329782,40.407,40.407,41.35,50.7
