observed_at_utc,hold_seconds,hottest_c,commanded_duty_percent,max_member_age_seconds,worker_age_seconds,member_1_c,member_1_source_timestamp,member_2_c,member_2_source_timestamp,member_3_c,member_3_source_timestamp,member_4_c,member_4_source_timestamp,worker_heartbeat_timestamp
2026-10-07T11:38:09.804557+00:00,1.6667007002979517e-05,47.95,33.63999999999999,13.711708307266235,5.124474287033081,40.894,1791373083.1655147,40.894,1791373083.4005685,41.9,1791373076.0928488,47.95,1791373081.142275,1791373084.6800828
2026-10-07T11:38:15.652787+00:00,5.8482374580344185,47.95,33.63999999999999,14.510511875152588,0.9364049434661865,40.894,1791373083.1655147,40.894,1791373083.4005685,41.35,1791373091.094515,47.95,1791373081.142275,1791373094.716382
2026-10-07T11:38:21.411381+00:00,11.606825250026304,47.95,33.63999999999999,18.010812520980835,1.6823887825012207,40.894,1791373098.1685245,40.894,1791373083.4005685,41.35,1791373091.094515,47.95,1791373096.143799,1791373099.7289922
2026-10-07T11:38:27.064793+00:00,17.260227375023533,47.95,33.63999999999999,15.970278024673462,2.321847677230835,40.894,1791373098.1685245,39.92,1791373098.404079,41.35,1791373091.094515,47.95,1791373096.143799,1791373104.7429454
2026-10-07T11:38:32.758544+00:00,22.953968207992148,47.95,33.63999999999999,16.614744901657104,3.0053484439849854,40.894,1791373098.1685245,39.92,1791373098.404079,41.35,1791373106.096099,47.95,1791373096.143799,1791373109.7531955
2026-10-07T11:38:38.465685+00:00,28.66110845800722,49.6,33.63999999999999,12.369585990905762,3.7000882625579834,39.92,1791373113.1718957,41.381,1791373113.4074125,41.35,1791373106.096099,49.6,1791373111.145252,1791373114.7655966
2026-10-07T11:38:44.753921+00:00,34.94935066701146,49.6,33.63999999999999,13.60866904258728,4.9775285720825195,39.92,1791373113.1718957,41.381,1791373113.4074125,40.25,1791373121.0978122,49.6,1791373111.145252,1791373119.7763925
2026-10-07T11:38:50.459557+00:00,40.65495579200797,47.4,33.63999999999999,17.052144527435303,0.6497838497161865,40.407,1791373128.1749208,41.381,1791373113.4074125,40.25,1791373121.0978122,47.4,1791373126.146822,1791373129.8097732
2026-10-07T11:38:56.127238+00:00,46.322628708032425,47.4,33.63999999999999,15.029425859451294,1.3038520812988281,40.407,1791373128.1749208,39.92,1791373128.4107513,40.25,1791373121.0978122,47.4,1791373126.146822,1791373134.823386
2026-10-07T11:39:01.788781+00:00,51.98416008299682,47.4,33.63999999999999,15.641958951950073,1.952326774597168,40.407,1791373128.1749208,39.92,1791373128.4107513,41.9,1791373136.0994155,47.4,1791373126.146822,1791373139.8364542
2026-10-07T11:39:07.413592+00:00,57.60895800002618,47.95,33.63999999999999,11.314176559448242,2.5643370151519775,39.92,1791373143.178259,40.407,1791373143.4137752,41.9,1791373136.0994155,47.95,1791373141.1484084,1791373144.849255
2026-10-07T11:39:13.287932+00:00,63.48328945803223,47.95,33.63999999999999,17.18851637840271,3.42594051361084,39.92,1791373143.178259,40.407,1791373143.4137752,41.9,1791373136.0994155,47.95,1791373141.1484084,1791373149.8619914
2026-10-07T11:39:18.986918+00:00,69.18227245804155,47.95,33.63999999999999,17.838509559631348,4.1039721965789795,39.92,1791373143.178259,40.407,1791373143.4137752,41.35,1791373151.100909,47.95,1791373141.1484084,1791373154.8829458
2026-10-07T11:39:24.743116+00:00,74.93845400004648,48.5,33.63999999999999,13.642206907272339,4.8404176235198975,43.329,1791373158.182552,39.433,1791373158.4177558,41.35,1791373151.100909,48.5,1791373156.1500287,1791373159.9026983
2026-10-07T11:39:30.437010+00:00,80.63234641699819,48.5,33.63999999999999,14.286981344223022,0.5018956661224365,43.329,1791373158.182552,39.433,1791373158.4177558,41.9,1791373166.102442,48.5,1791373156.1500287,1791373169.9351144
2026-10-07T11:39:36.035707+00:00,86.23103325004922,47.4,33.63999999999999,17.617951154708862,1.0851070880889893,42.842,1791373173.1856234,39.433,1791373158.4177558,41.9,1791373166.102442,47.4,1791373171.1518395,1791373174.9506
2026-10-07T11:39:41.656107+00:00,91.85142033302691,47.4,33.63999999999999,15.553664922714233,1.690675973892212,42.842,1791373173.1856234,40.894,1791373173.4212759,41.9,1791373166.102442,47.4,1791373171.1518395,1791373179.965431
2026-10-07T11:39:47.228775+00:00,97.42407733300934,47.4,33.63999999999999,16.076935529708862,2.247943162918091,42.842,1791373173.1856234,40.894,1791373173.4212759,40.8,1791373181.1043067,47.4,1791373171.1518395,1791373184.9808319
2026-10-07T11:39:53.045541+00:00,103.24083374999464,48.5,33.63999999999999,11.941234350204468,3.0476479530334473,41.381,1791373188.1886892,39.92,1791373188.42503,40.8,1791373181.1043067,48.5,1791373186.1532946,1791373189.997893
2026-10-07T11:39:58.668224+00:00,108.86351570801344,48.5,33.63999999999999,12.51492953300476,3.6561057567596436,41.381,1791373188.1886892,39.92,1791373188.42503,41.9,1791373196.1059074,48.5,1791373186.1532946,1791373195.0121183
2026-10-07T11:40:04.345690+00:00,114.54096837504767,48.5,33.63999999999999,18.192395448684692,4.321649551391602,40.407,1791373203.19178,39.92,1791373188.42503,41.9,1791373196.1059074,48.5,1791373186.1532946,1791373200.0240405
2026-10-07T11:40:09.942281+00:00,120.13755166699411,48.5,33.63999999999999,13.836373567581177,4.904587507247925,40.407,1791373203.19178,40.407,1791373203.4286404,41.9,1791373196.1059074,48.5,1791373201.1548645,1791373205.0376935
