timestamp_utc,phase,raspi_40_c,raspi_41_c,raspi_50_c,raspi_51_c,control_c,duty_percent
2026-10-04T12:54:19Z,load-1cpu,42.355,48.199,40.800,51.800,51.8,36.29999999999999
2026-10-04T12:54:30Z,load-1cpu,42.842,49.173,40.800,51.250,51.8,36.29999999999999
2026-10-04T12:54:40Z,load-1cpu,43.329,48.686,40.800,48.500,49.173,29.375
2026-10-04T12:54:51Z,load-1cpu,42.842,48.199,41.900,51.250,49.173,29.375
2026-10-04T12:55:01Z,load-1cpu,42.842,48.199,41.350,50.150,49.173,29.375
2026-10-04T12:57:17Z,load-2cpu,41.868,46.738,42.450,49.050,51.8,36.29999999999999
2026-10-04T12:57:29Z,load-2cpu,42.355,48.686,40.800,49.600,49.05,16.29999999999999
2026-10-04T12:57:39Z,load-2cpu,42.355,50.147,41.900,50.700,49.05,16.29999999999999
2026-10-04T12:57:50Z,load-2cpu,42.842,49.173,41.350,51.800,49.05,16.29999999999999
2026-10-04T12:58:02Z,load-2cpu,45.277,49.173,41.900,50.700,51.8,36.29999999999999
2026-10-04T12:58:12Z,load-2cpu,43.816,48.686,42.450,52.350,51.8,36.29999999999999
2026-10-04T12:58:23Z,load-2cpu,41.868,50.147,41.350,52.350,51.8,36.29999999999999
2026-10-04T12:58:33Z,load-2cpu,42.842,49.660,40.800,50.150,52.35,38.22500000000001
2026-10-04T12:58:44Z,load-2cpu,43.816,49.173,40.250,48.500,52.35,38.22500000000001
2026-10-04T12:58:56Z,load-2cpu,44.790,46.738,41.350,49.600,52.35,38.22500000000001
2026-10-04T12:59:07Z,load-2cpu,43.816,44.790,41.350,50.700,49.6,10.524999999999995
2026-10-04T12:59:17Z,load-2cpu,42.355,44.790,41.350,51.250,49.6,10.524999999999995
2026-10-04T13:01:14Z,cooldown-after-2cpu,42.842,42.355,41.900,51.250,49.05,2.07500000000001
2026-10-04T13:01:24Z,cooldown-after-2cpu,42.842,44.790,43.000,50.700,49.05,2.07500000000001
2026-10-04T13:01:38Z,cooldown-after-2cpu,44.303,43.329,43.000,52.900,49.05,2.07500000000001
2026-10-04T13:01:49Z,cooldown-after-2cpu,43.329,42.355,42.450,52.350,52.35,38.22500000000001
2026-10-04T13:02:00Z,cooldown-after-2cpu,42.355,44.303,43.000,51.800,52.35,38.22500000000001
2026-10-04T13:02:10Z,cooldown-after-2cpu,43.816,43.329,42.450,52.350,52.35,38.22500000000001
2026-10-04T13:02:21Z,cooldown-after-2cpu,43.816,42.355,41.900,51.250,52.35,38.22500000000001
2026-10-04T13:02:34Z,cooldown-after-2cpu,43.329,40.894,40.800,49.050,52.35,38.22500000000001
2026-10-04T13:02:45Z,cooldown-after-2cpu,41.381,42.355,41.900,48.500,52.35,38.22500000000001
2026-10-04T13:02:55Z,cooldown-after-2cpu,40.894,41.868,41.350,48.500,48.5,14.375
2026-10-04T13:03:06Z,cooldown-after-2cpu,40.894,42.355,41.350,50.150,48.5,14.375
2026-10-04T13:03:16Z,cooldown-after-2cpu,42.842,43.329,43.000,50.150,48.5,14.375
2026-10-04T13:03:27Z,cooldown-after-2cpu,44.790,42.355,41.900,50.150,50.15,30.524999999999995
2026-10-04T13:03:38Z,cooldown-after-2cpu,44.790,42.842,43.000,51.800,50.15,30.524999999999995
2026-10-04T13:03:48Z,cooldown-after-2cpu,43.329,42.842,41.900,52.350,50.15,30.524999999999995
2026-10-04T13:03:59Z,cooldown-after-2cpu,45.764,41.381,40.800,51.250,51.25,34.375
2026-10-04T13:04:10Z,cooldown-after-2cpu,42.842,42.355,42.450,51.250,51.25,34.375
2026-10-04T13:04:20Z,cooldown-after-2cpu,45.764,41.381,43.000,52.900,51.25,34.375
2026-10-04T13:09:43Z,load-3cpu,42.355,47.225,43.000,50.700,52.35,38.22500000000001
2026-10-04T13:09:54Z,load-3cpu,46.251,48.686,41.900,51.800,52.35,38.22500000000001
2026-10-04T13:10:04Z,load-3cpu,43.329,48.199,41.900,51.800,51.8,36.29999999999999
2026-10-04T13:10:14Z,load-3cpu,43.816,48.199,41.900,52.350,51.8,36.29999999999999
2026-10-04T13:10:25Z,load-3cpu,43.329,49.173,43.000,55.100,51.8,36.29999999999999
2026-10-04T13:10:35Z,load-3cpu,41.868,48.686,43.000,51.800,55.1,47.85000000000001
2026-10-04T13:10:46Z,load-3cpu,42.842,49.173,41.350,49.600,55.1,47.85000000000001
2026-10-04T13:10:56Z,load-3cpu,43.816,47.712,40.800,50.150,55.1,47.85000000000001
2026-10-04T13:11:07Z,load-3cpu,41.868,47.225,40.250,49.600,50.15,30.524999999999995
2026-10-04T13:11:17Z,load-3cpu,42.355,48.686,41.900,49.600,50.15,30.524999999999995
2026-10-04T13:11:28Z,load-3cpu,41.381,46.251,40.250,49.050,50.15,30.524999999999995
2026-10-04T13:11:38Z,load-3cpu,43.816,45.764,43.000,51.800,50.15,30.524999999999995
2026-10-04T13:11:48Z,load-3cpu,43.329,46.738,43.000,52.900,51.8,36.29999999999999
2026-10-04T13:18:45Z,cooldown-after-3cpu,42.842,40.894,42.450,49.600,49.6,19.375
2026-10-04T13:19:01Z,cooldown-after-3cpu,44.303,42.355,43.000,49.050,49.6,19.375
2026-10-04T13:19:16Z,cooldown-after-3cpu,42.355,42.355,45.200,51.250,51.25,34.375
2026-10-04T13:19:32Z,cooldown-after-3cpu,42.842,42.842,44.100,50.700,51.25,34.375
2026-10-04T13:19:47Z,cooldown-after-3cpu,43.816,42.355,43.000,54.550,54.55,45.92499999999999
2026-10-04T13:20:02Z,cooldown-after-3cpu,43.329,42.842,43.550,50.150,54.55,45.92499999999999
2026-10-04T13:20:18Z,cooldown-after-3cpu,42.355,42.842,43.550,51.250,51.25,34.375
2026-10-04T13:20:33Z,cooldown-after-3cpu,43.816,42.842,43.550,50.700,51.25,34.375
2026-10-04T13:20:49Z,cooldown-after-3cpu,43.329,42.355,43.000,49.050,51.25,34.375
2026-10-04T13:21:04Z,cooldown-after-3cpu,41.868,42.355,43.000,49.050,49.05,17.45000000000001
2026-10-04T13:21:20Z,cooldown-after-3cpu,42.355,42.842,42.450,50.700,49.05,17.45000000000001
2026-10-04T13:21:35Z,cooldown-after-3cpu,43.329,43.816,43.000,51.800,50.7,32.45000000000001
2026-10-04T13:21:51Z,cooldown-after-3cpu,44.790,43.816,42.450,51.250,50.7,32.45000000000001
2026-10-04T13:22:06Z,cooldown-after-3cpu,43.329,41.868,41.900,51.250,51.25,34.375
2026-10-04T13:22:23Z,cooldown-after-3cpu,43.329,41.381,41.900,52.350,51.25,34.375
2026-10-04T13:22:38Z,cooldown-after-3cpu,42.842,41.381,41.900,51.250,51.25,34.375
2026-10-04T13:22:54Z,cooldown-after-3cpu,43.329,41.381,41.900,49.600,51.25,34.375
2026-10-04T13:23:09Z,cooldown-after-3cpu,43.816,40.407,41.350,49.050,49.05,17.45000000000001
2026-10-04T13:23:25Z,cooldown-after-3cpu,42.355,42.842,41.900,51.250,49.05,17.45000000000001
2026-10-04T13:23:40Z,cooldown-after-3cpu,42.842,42.842,42.450,51.250,51.25,34.375
