timestamp_utc,source_observed_at_utc,phase,elapsed_s,hottest_c,requested_duty_percent,max_source_age_s,worker_heartbeat_age_s,member_temperatures_json,member_observed_timestamps_json
2026-10-06T23:33:26.530706+00:00,2026-10-06T23:33:10.977611+00:00,baseline,1.14,50.15,33.63999999999999,15.553094863891602,5.027371168136597,"{""node-a"": 40.407, ""node-b"": 40.407, ""node-c"": 41.9, ""node-d"": 50.15}","{""node-a"": 1791329597.2805226, ""node-b"": 1791329597.0064056, ""node-c"": 1791329590.977611, ""node-d"": 1791329596.3778975}"
2026-10-06T23:33:32.299292+00:00,2026-10-06T23:33:16.377898+00:00,baseline,6.91,50.15,33.63999999999999,15.921394348144531,0.7605104446411133,"{""node-a"": 40.407, ""node-b"": 40.407, ""node-c"": 43.0, ""node-d"": 50.15}","{""node-a"": 1791329597.2805226, ""node-b"": 1791329597.0064056, ""node-c"": 1791329605.979161, ""node-d"": 1791329596.3778975}"
2026-10-06T23:33:37.902556+00:00,2026-10-06T23:33:25.979161+00:00,baseline,12.52,47.4,33.63999999999999,11.923394918441772,1.3418664932250977,"{""node-a"": 41.381, ""node-b"": 42.842, ""node-c"": 43.0, ""node-d"": 47.4}","{""node-a"": 1791329612.284366, ""node-b"": 1791329612.0112967, ""node-c"": 1791329605.979161, ""node-d"": 1791329611.3794556}"
2026-10-06T23:33:43.553416+00:00,2026-10-06T23:33:31.379456+00:00,baseline,18.17,47.4,33.63999999999999,12.173960447311401,1.9796218872070312,"{""node-a"": 41.381, ""node-b"": 42.842, ""node-c"": 42.45, ""node-d"": 47.4}","{""node-a"": 1791329612.284366, ""node-b"": 1791329612.0112967, ""node-c"": 1791329620.9807823, ""node-d"": 1791329611.3794556}"
2026-10-06T23:33:54.828642+00:00,2026-10-06T23:33:40.980782+00:00,baseline,29.44,48.5,33.63999999999999,13.847859859466553,3.225853681564331,"{""node-a"": 40.894, ""node-b"": 40.894, ""node-c"": 42.45, ""node-d"": 48.5}","{""node-a"": 1791329627.2886314, ""node-b"": 1791329627.0156438, ""node-c"": 1791329620.9807823, ""node-d"": 1791329626.3809662}"
2026-10-06T23:34:01.678686+00:00,2026-10-06T23:33:46.380966+00:00,load-fixed,36.29,48.5,33.63999999999999,15.297719717025757,5.060162544250488,"{""node-a"": 40.894, ""node-b"": 40.894, ""node-c"": 43.0, ""node-d"": 48.5}","{""node-a"": 1791329627.2886314, ""node-b"": 1791329627.0156438, ""node-c"": 1791329635.9823167, ""node-d"": 1791329626.3809662}"
2026-10-06T23:34:07.377311+00:00,2026-10-06T23:33:55.982317+00:00,load-fixed,41.99,51.25,33.63999999999999,11.394994258880615,0.7164685726165771,"{""node-a"": 43.816, ""node-b"": 41.868, ""node-c"": 43.0, ""node-d"": 51.25}","{""node-a"": 1791329642.292539, ""node-b"": 1791329642.019577, ""node-c"": 1791329635.9823167, ""node-d"": 1791329641.3825893}"
2026-10-06T23:34:18.894484+00:00,2026-10-06T23:34:01.382589+00:00,load-fixed,53.51,51.25,33.63999999999999,17.511894702911377,2.208955764770508,"{""node-a"": 43.816, ""node-b"": 41.868, ""node-c"": 40.8, ""node-d"": 51.25}","{""node-a"": 1791329642.292539, ""node-b"": 1791329642.019577, ""node-c"": 1791329650.984016, ""node-d"": 1791329641.3825893}"
2026-10-06T23:34:24.672228+00:00,2026-10-06T23:34:10.984016+00:00,load-fixed,59.29,51.8,35.03999999999999,13.688212156295776,2.9741101264953613,"{""node-a"": 42.842, ""node-b"": 40.407, ""node-c"": 40.8, ""node-d"": 51.8}","{""node-a"": 1791329657.2973857, ""node-b"": 1791329657.022937, ""node-c"": 1791329650.984016, ""node-d"": 1791329656.3843415}"
2026-10-06T23:34:30.417143+00:00,2026-10-06T23:34:16.384341+00:00,load-fixed,65.03,51.8,35.03999999999999,14.032801628112793,3.6937973499298096,"{""node-a"": 42.842, ""node-b"": 40.407, ""node-c"": 43.0, ""node-d"": 51.8}","{""node-a"": 1791329657.2973857, ""node-b"": 1791329657.022937, ""node-c"": 1791329665.985451, ""node-d"": 1791329656.3843415}"
2026-10-06T23:34:36.106640+00:00,2026-10-06T23:34:17.022937+00:00,load-fixed,70.72,52.9,35.03999999999999,19.08370280265808,4.367147922515869,"{""node-a"": 43.329, ""node-b"": 40.407, ""node-c"": 43.0, ""node-d"": 52.9}","{""node-a"": 1791329672.3005486, ""node-b"": 1791329657.022937, ""node-c"": 1791329665.985451, ""node-d"": 1791329671.3862581}"
2026-10-06T23:34:41.908189+00:00,2026-10-06T23:34:25.985451+00:00,load-fixed,76.52,52.9,38.12,15.922737836837769,5.155346393585205,"{""node-a"": 43.329, ""node-b"": 42.355, ""node-c"": 43.0, ""node-d"": 52.9}","{""node-a"": 1791329672.3005486, ""node-b"": 1791329672.0271208, ""node-c"": 1791329665.985451, ""node-d"": 1791329671.3862581}"
2026-10-06T23:34:47.657756+00:00,2026-10-06T23:34:31.386258+00:00,load-fixed,82.27,52.9,38.12,16.27149772644043,0.8745980262756348,"{""node-a"": 43.329, ""node-b"": 42.355, ""node-c"": 40.25, ""node-d"": 52.9}","{""node-a"": 1791329672.3005486, ""node-b"": 1791329672.0271208, ""node-c"": 1791329680.9870534, ""node-d"": 1791329671.3862581}"
2026-10-06T23:34:53.353389+00:00,2026-10-06T23:34:40.987053+00:00,load-fixed,87.97,55.1,44.28,12.36633563041687,1.5546224117279053,"{""node-a"": 41.381, ""node-b"": 39.433, ""node-c"": 40.25, ""node-d"": 55.1}","{""node-a"": 1791329687.3041596, ""node-b"": 1791329687.0315623, ""node-c"": 1791329680.9870534, ""node-d"": 1791329686.3876748}"
2026-10-06T23:34:59.030526+00:00,2026-10-06T23:34:46.387675+00:00,load-fixed,93.64,55.1,44.28,12.642851114273071,2.2145884037017822,"{""node-a"": 41.381, ""node-b"": 39.433, ""node-c"": 42.45, ""node-d"": 55.1}","{""node-a"": 1791329687.3041596, ""node-b"": 1791329687.0315623, ""node-c"": 1791329695.988601, ""node-d"": 1791329686.3876748}"
2026-10-06T23:35:04.718268+00:00,2026-10-06T23:34:47.031562+00:00,load-fixed,99.33,54.55,44.28,17.686705589294434,2.889467239379883,"{""node-a"": 41.381, ""node-b"": 39.433, ""node-c"": 42.45, ""node-d"": 54.55}","{""node-a"": 1791329702.3084877, ""node-b"": 1791329687.0315623, ""node-c"": 1791329695.988601, ""node-d"": 1791329701.3890624}"
2026-10-06T23:35:10.602569+00:00,2026-10-06T23:34:55.988601+00:00,load-fixed,105.22,54.55,44.28,14.613967895507812,3.7561533451080322,"{""node-a"": 41.381, ""node-b"": 40.894, ""node-c"": 42.45, ""node-d"": 54.55}","{""node-a"": 1791329702.3084877, ""node-b"": 1791329702.0356102, ""node-c"": 1791329695.988601, ""node-d"": 1791329701.3890624}"
2026-10-06T23:35:16.414440+00:00,2026-10-06T23:35:01.389062+00:00,load-fixed,111.03,54.55,44.28,15.02537751197815,4.542082786560059,"{""node-a"": 41.381, ""node-b"": 40.894, ""node-c"": 43.0, ""node-d"": 54.55}","{""node-a"": 1791329702.3084877, ""node-b"": 1791329702.0356102, ""node-c"": 1791329710.9902184, ""node-d"": 1791329701.3890624}"
2026-10-06T23:35:25.190549+00:00,2026-10-06T23:35:10.990218+00:00,load-fixed,119.8,53.45,44.28,14.20033049583435,3.287583589553833,"{""node-a"": 41.868, ""node-b"": 39.92, ""node-c"": 43.0, ""node-d"": 53.45}","{""node-a"": 1791329717.3116028, ""node-b"": 1791329717.0427814, ""node-c"": 1791329710.9902184, ""node-d"": 1791329716.3905287}"
2026-10-06T23:35:30.887723+00:00,2026-10-06T23:35:16.390529+00:00,load-fixed,125.5,53.45,44.28,14.497194290161133,3.966745376586914,"{""node-a"": 41.868, ""node-b"": 39.92, ""node-c"": 42.45, ""node-d"": 53.45}","{""node-a"": 1791329717.3116028, ""node-b"": 1791329717.0427814, ""node-c"": 1791329725.991761, ""node-d"": 1791329716.3905287}"
2026-10-06T23:35:36.680988+00:00,2026-10-06T23:35:25.991761+00:00,load-fixed,131.29,53.45,44.28,10.689226865768433,4.738263368606567,"{""node-a"": 40.894, ""node-b"": 42.842, ""node-c"": 42.45, ""node-d"": 53.45}","{""node-a"": 1791329732.3151941, ""node-b"": 1791329732.0476885, ""node-c"": 1791329725.991761, ""node-d"": 1791329731.3919122}"
2026-10-06T23:35:48.024185+00:00,2026-10-06T23:35:31.391912+00:00,load-fixed,142.64,53.45,44.28,16.632272958755493,0.7507803440093994,"{""node-a"": 40.894, ""node-b"": 42.842, ""node-c"": 41.35, ""node-d"": 53.45}","{""node-a"": 1791329732.3151941, ""node-b"": 1791329732.0476885, ""node-c"": 1791329740.9933305, ""node-d"": 1791329731.3919122}"
2026-10-06T23:35:53.819319+00:00,2026-10-06T23:35:40.993330+00:00,load-fixed,148.43,53.45,44.28,12.825988531112671,1.5304896831512451,"{""node-a"": 40.894, ""node-b"": 39.433, ""node-c"": 41.35, ""node-d"": 53.45}","{""node-a"": 1791329747.3191235, ""node-b"": 1791329747.051994, ""node-c"": 1791329740.9933305, ""node-d"": 1791329746.3933363}"
2026-10-06T23:35:59.516520+00:00,2026-10-06T23:35:46.393336+00:00,load-fixed,154.13,53.45,44.28,13.123183727264404,1.5152244567871094,"{""node-a"": 40.894, ""node-b"": 39.433, ""node-c"": 40.8, ""node-d"": 53.45}","{""node-a"": 1791329747.3191235, ""node-b"": 1791329747.051994, ""node-c"": 1791329755.9949498, ""node-d"": 1791329746.3933363}"
2026-10-06T23:36:05.210996+00:00,2026-10-06T23:35:47.051994+00:00,load-fixed,159.82,53.45,44.28,18.15900182723999,2.1965112686157227,"{""node-a"": 39.92, ""node-b"": 39.433, ""node-c"": 40.8, ""node-d"": 53.45}","{""node-a"": 1791329762.323251, ""node-b"": 1791329747.051994, ""node-c"": 1791329755.9949498, ""node-d"": 1791329761.3953884}"
2026-10-06T23:36:10.924619+00:00,2026-10-06T23:35:55.994950+00:00,load-fixed,165.54,53.45,44.28,14.92966914176941,2.8958516120910645,"{""node-a"": 39.92, ""node-b"": 39.433, ""node-c"": 40.8, ""node-d"": 53.45}","{""node-a"": 1791329762.323251, ""node-b"": 1791329762.055628, ""node-c"": 1791329755.9949498, ""node-d"": 1791329761.3953884}"
2026-10-06T23:36:16.623520+00:00,2026-10-06T23:36:01.395388+00:00,load-fixed,171.24,53.45,44.28,15.228131532669067,3.5799670219421387,"{""node-a"": 39.92, ""node-b"": 39.433, ""node-c"": 41.9, ""node-d"": 53.45}","{""node-a"": 1791329762.323251, ""node-b"": 1791329762.055628, ""node-c"": 1791329770.996605, ""node-d"": 1791329761.3953884}"
2026-10-06T23:36:22.405963+00:00,2026-10-06T23:36:10.996605+00:00,load-fixed,177.02,54.0,44.28,11.409358024597168,4.34882926940918,"{""node-a"": 43.329, ""node-b"": 39.92, ""node-c"": 41.9, ""node-d"": 54.0}","{""node-a"": 1791329777.3303013, ""node-b"": 1791329777.0596786, ""node-c"": 1791329770.996605, ""node-d"": 1791329776.396835}"
2026-10-06T23:36:34.936509+00:00,2026-10-06T23:36:17.059679+00:00,load-fixed,189.55,54.0,44.28,17.876830339431763,0.8723866939544678,"{""node-a"": 41.381, ""node-b"": 39.92, ""node-c"": 40.8, ""node-d"": 54.0}","{""node-a"": 1791329792.3338296, ""node-b"": 1791329777.0596786, ""node-c"": 1791329785.9981706, ""node-d"": 1791329791.3983107}"
2026-10-06T23:36:40.629057+00:00,2026-10-06T23:36:25.998171+00:00,load-fixed,195.24,54.0,44.28,14.630886316299438,1.5521066188812256,"{""node-a"": 41.381, ""node-b"": 40.894, ""node-c"": 40.8, ""node-d"": 54.0}","{""node-a"": 1791329792.3338296, ""node-b"": 1791329792.066053, ""node-c"": 1791329785.9981706, ""node-d"": 1791329791.3983107}"
2026-10-06T23:36:46.345791+00:00,2026-10-06T23:36:31.398311+00:00,load-fixed,200.96,54.0,44.28,14.947480201721191,2.258706569671631,"{""node-a"": 41.381, ""node-b"": 40.894, ""node-c"": 40.8, ""node-d"": 54.0}","{""node-a"": 1791329792.3338296, ""node-b"": 1791329792.066053, ""node-c"": 1791329800.999684, ""node-d"": 1791329791.3983107}"
2026-10-06T23:36:52.047814+00:00,2026-10-06T23:36:40.999684+00:00,load-fixed,206.66,54.0,44.28,11.048129796981812,2.9435856342315674,"{""node-a"": 40.407, ""node-b"": 39.92, ""node-c"": 40.8, ""node-d"": 54.0}","{""node-a"": 1791329807.338773, ""node-b"": 1791329807.0718954, ""node-c"": 1791329800.999684, ""node-d"": 1791329806.3998427}"
2026-10-06T23:37:03.451883+00:00,2026-10-06T23:36:46.399843+00:00,load-fixed,218.07,54.0,44.28,17.052040338516235,4.314881324768066,"{""node-a"": 40.407, ""node-b"": 39.92, ""node-c"": 40.8, ""node-d"": 54.0}","{""node-a"": 1791329807.338773, ""node-b"": 1791329807.0718954, ""node-c"": 1791329816.0013292, ""node-d"": 1791329806.3998427}"
2026-10-06T23:37:09.193784+00:00,2026-10-06T23:36:56.001329+00:00,load-fixed,223.81,54.0,44.28,13.192454814910889,5.036653280258179,"{""node-a"": 39.433, ""node-b"": 39.433, ""node-c"": 40.8, ""node-d"": 54.0}","{""node-a"": 1791329822.3429518, ""node-b"": 1791329822.0754664, ""node-c"": 1791329816.0013292, ""node-d"": 1791329821.4013789}"
2026-10-06T23:37:14.970509+00:00,2026-10-06T23:37:01.401379+00:00,load-fixed,229.58,54.0,44.28,13.569130182266235,0.7770073413848877,"{""node-a"": 39.433, ""node-b"": 39.433, ""node-c"": 40.8, ""node-d"": 54.0}","{""node-a"": 1791329822.3429518, ""node-b"": 1791329822.0754664, ""node-c"": 1791329831.002989, ""node-d"": 1791329821.4013789}"
2026-10-06T23:37:20.695433+00:00,2026-10-06T23:37:02.075466+00:00,load-fixed,235.31,52.9,44.28,18.619966506958008,1.4886901378631592,"{""node-a"": 40.407, ""node-b"": 39.433, ""node-c"": 40.8, ""node-d"": 52.9}","{""node-a"": 1791329837.3471, ""node-b"": 1791329822.0754664, ""node-c"": 1791329831.002989, ""node-d"": 1791329836.4028387}"
2026-10-06T23:37:26.518850+00:00,2026-10-06T23:37:11.002989+00:00,load-fixed,241.13,52.9,44.28,15.51586103439331,2.298089027404785,"{""node-a"": 40.407, ""node-b"": 39.92, ""node-c"": 40.8, ""node-d"": 52.9}","{""node-a"": 1791329837.3471, ""node-b"": 1791329837.079484, ""node-c"": 1791329831.002989, ""node-d"": 1791329836.4028387}"
2026-10-06T23:37:32.329021+00:00,2026-10-06T23:37:16.402839+00:00,load-fixed,246.94,52.9,44.28,15.926182270050049,3.0941009521484375,"{""node-a"": 40.407, ""node-b"": 39.92, ""node-c"": 41.35, ""node-d"": 52.9}","{""node-a"": 1791329837.3471, ""node-b"": 1791329837.079484, ""node-c"": 1791329846.0045211, ""node-d"": 1791329836.4028387}"
2026-10-06T23:37:38.136665+00:00,2026-10-06T23:37:26.004521+00:00,load-fixed,252.75,53.45,44.28,12.1321439743042,3.8892662525177,"{""node-a"": 40.407, ""node-b"": 40.894, ""node-c"": 41.35, ""node-d"": 53.45}","{""node-a"": 1791329852.351104, ""node-b"": 1791329852.0835524, ""node-c"": 1791329846.0045211, ""node-d"": 1791329851.4069152}"
2026-10-06T23:37:43.809442+00:00,2026-10-06T23:37:31.406915+00:00,load-fixed,258.42,53.45,44.28,12.40252685546875,4.543561220169067,"{""node-a"": 40.407, ""node-b"": 40.894, ""node-c"": 41.35, ""node-d"": 53.45}","{""node-a"": 1791329852.351104, ""node-b"": 1791329852.0835524, ""node-c"": 1791329861.0062249, ""node-d"": 1791329851.4069152}"
2026-10-06T23:37:49.537243+00:00,2026-10-06T23:37:32.083552+00:00,load-fixed,264.15,53.45,44.28,17.45369052886963,0.24266409873962402,"{""node-a"": 40.407, ""node-b"": 40.894, ""node-c"": 41.35, ""node-d"": 53.45}","{""node-a"": 1791329867.3544984, ""node-b"": 1791329852.0835524, ""node-c"": 1791329861.0062249, ""node-d"": 1791329866.4083257}"
2026-10-06T23:37:55.339222+00:00,2026-10-06T23:37:41.006225+00:00,load-fixed,269.95,53.45,44.28,14.33299708366394,1.0326869487762451,"{""node-a"": 40.407, ""node-b"": 40.407, ""node-c"": 41.35, ""node-d"": 53.45}","{""node-a"": 1791329867.3544984, ""node-b"": 1791329867.0875504, ""node-c"": 1791329861.0062249, ""node-d"": 1791329866.4083257}"
2026-10-06T23:38:01.034255+00:00,2026-10-06T23:37:46.408326+00:00,load-fixed,275.65,53.45,44.28,14.625929355621338,1.7135231494903564,"{""node-a"": 40.407, ""node-b"": 40.407, ""node-c"": 41.35, ""node-d"": 53.45}","{""node-a"": 1791329867.3544984, ""node-b"": 1791329867.0875504, ""node-c"": 1791329876.0076828, ""node-d"": 1791329866.4083257}"
2026-10-06T23:38:06.790731+00:00,2026-10-06T23:37:56.007683+00:00,load-fixed,281.4,54.55,44.28,10.783048152923584,2.4562137126922607,"{""node-a"": 39.92, ""node-b"": 40.894, ""node-c"": 41.35, ""node-d"": 54.55}","{""node-a"": 1791329882.3605897, ""node-b"": 1791329882.0908198, ""node-c"": 1791329876.0076828, ""node-d"": 1791329881.409765}"
2026-10-06T23:38:14.359103+00:00,2026-10-06T23:38:01.409765+00:00,load-fixed,288.97,54.55,44.28,12.94933795928955,5.012448787689209,"{""node-a"": 39.92, ""node-b"": 40.894, ""node-c"": 40.25, ""node-d"": 54.55}","{""node-a"": 1791329882.3605897, ""node-b"": 1791329882.0908198, ""node-c"": 1791329891.0093224, ""node-d"": 1791329881.409765}"
2026-10-06T23:38:20.158352+00:00,2026-10-06T23:38:02.090820+00:00,load-fixed,294.77,53.45,44.28,18.067532062530518,0.7860937118530273,"{""node-a"": 40.407, ""node-b"": 40.894, ""node-c"": 40.25, ""node-d"": 53.45}","{""node-a"": 1791329897.3644962, ""node-b"": 1791329882.0908198, ""node-c"": 1791329891.0093224, ""node-d"": 1791329896.4111397}"
2026-10-06T23:38:25.817382+00:00,2026-10-06T23:38:11.009322+00:00,load-fixed,300.43,53.45,44.28,14.808059453964233,1.4308974742889404,"{""node-a"": 40.407, ""node-b"": 38.946, ""node-c"": 40.25, ""node-d"": 53.45}","{""node-a"": 1791329897.3644962, ""node-b"": 1791329897.0948925, ""node-c"": 1791329891.0093224, ""node-d"": 1791329896.4111397}"
2026-10-06T23:38:31.490142+00:00,2026-10-06T23:38:16.411140+00:00,load-fixed,306.1,53.45,44.28,15.079002141952515,2.0891995429992676,"{""node-a"": 40.407, ""node-b"": 38.946, ""node-c"": 41.35, ""node-d"": 53.45}","{""node-a"": 1791329897.3644962, ""node-b"": 1791329897.0948925, ""node-c"": 1791329906.010891, ""node-d"": 1791329896.4111397}"
2026-10-06T23:38:37.188634+00:00,2026-10-06T23:38:26.010891+00:00,load-fixed,311.8,53.45,44.28,11.177743196487427,2.765880823135376,"{""node-a"": 41.868, ""node-b"": 40.894, ""node-c"": 41.35, ""node-d"": 53.45}","{""node-a"": 1791329912.3680043, ""node-b"": 1791329912.0981443, ""node-c"": 1791329906.010891, ""node-d"": 1791329911.4125578}"
2026-10-06T23:38:48.775342+00:00,2026-10-06T23:38:31.412558+00:00,load-fixed,323.39,53.45,44.28,17.362784147262573,4.2984278202056885,"{""node-a"": 41.868, ""node-b"": 40.894, ""node-c"": 39.15, ""node-d"": 53.45}","{""node-a"": 1791329912.3680043, ""node-b"": 1791329912.0981443, ""node-c"": 1791329921.0124948, ""node-d"": 1791329911.4125578}"
2026-10-06T23:38:54.575054+00:00,2026-10-06T23:38:41.012495+00:00,load-fixed,329.19,54.0,44.28,13.562559366226196,5.086435317993164,"{""node-a"": 38.459, ""node-b"": 38.459, ""node-c"": 39.15, ""node-d"": 54.0}","{""node-a"": 1791329927.372238, ""node-b"": 1791329927.1016617, ""node-c"": 1791329921.0124948, ""node-d"": 1791329926.4149168}"
2026-10-06T23:39:00.239375+00:00,2026-10-06T23:38:46.414917+00:00,load-fixed,334.85,54.0,44.28,13.824458360671997,0.722557783126831,"{""node-a"": 38.459, ""node-b"": 38.459, ""node-c"": 41.35, ""node-d"": 54.0}","{""node-a"": 1791329927.372238, ""node-b"": 1791329927.1016617, ""node-c"": 1791329936.0141313, ""node-d"": 1791329926.4149168}"
2026-10-06T23:39:06.735670+00:00,2026-10-06T23:38:56.014131+00:00,load-fixed,341.35,54.0,44.28,10.721538782119751,2.2018651962280273,"{""node-a"": 42.842, ""node-b"": 40.894, ""node-c"": 41.35, ""node-d"": 54.0}","{""node-a"": 1791329942.3774834, ""node-b"": 1791329942.1049643, ""node-c"": 1791329936.0141313, ""node-d"": 1791329941.41636}"
2026-10-06T23:39:18.244022+00:00,2026-10-06T23:39:01.416360+00:00,load-fixed,352.86,54.0,44.28,16.827662229537964,3.6826016902923584,"{""node-a"": 42.842, ""node-b"": 40.894, ""node-c"": 41.35, ""node-d"": 54.0}","{""node-a"": 1791329942.3774834, ""node-b"": 1791329942.1049643, ""node-c"": 1791329951.0156739, ""node-d"": 1791329941.41636}"
2026-10-06T23:39:23.920162+00:00,2026-10-06T23:39:11.015674+00:00,load-fixed,358.53,55.1,44.28,12.90448808670044,4.332137107849121,"{""node-a"": 41.868, ""node-b"": 40.407, ""node-c"": 41.35, ""node-d"": 55.1}","{""node-a"": 1791329957.380822, ""node-b"": 1791329957.1082966, ""node-c"": 1791329951.0156739, ""node-d"": 1791329956.4179432}"
2026-10-06T23:39:29.635567+00:00,2026-10-06T23:39:16.417943+00:00,load-fixed,364.25,55.1,44.28,13.217623949050903,5.036523342132568,"{""node-a"": 41.868, ""node-b"": 40.407, ""node-c"": 41.35, ""node-d"": 55.1}","{""node-a"": 1791329957.380822, ""node-b"": 1791329957.1082966, ""node-c"": 1791329966.0171905, ""node-d"": 1791329956.4179432}"
2026-10-06T23:39:35.317497+00:00,2026-10-06T23:39:17.108297+00:00,load-fixed,369.93,52.9,44.28,18.209200382232666,0.6893801689147949,"{""node-a"": 39.92, ""node-b"": 40.407, ""node-c"": 41.35, ""node-d"": 52.9}","{""node-a"": 1791329972.3866794, ""node-b"": 1791329957.1082966, ""node-c"": 1791329966.0171905, ""node-d"": 1791329971.4193943}"
2026-10-06T23:39:41.202830+00:00,2026-10-06T23:39:26.017190+00:00,load-fixed,375.82,52.9,44.28,15.18563961982727,1.5619559288024902,"{""node-a"": 39.92, ""node-b"": 39.92, ""node-c"": 41.35, ""node-d"": 52.9}","{""node-a"": 1791329972.3866794, ""node-b"": 1791329972.1114783, ""node-c"": 1791329966.0171905, ""node-d"": 1791329971.4193943}"
2026-10-06T23:39:46.909350+00:00,2026-10-06T23:39:31.419394+00:00,load-fixed,381.52,52.9,44.28,15.48995566368103,2.2549219131469727,"{""node-a"": 39.92, ""node-b"": 39.92, ""node-c"": 40.25, ""node-d"": 52.9}","{""node-a"": 1791329972.3866794, ""node-b"": 1791329972.1114783, ""node-c"": 1791329981.0188217, ""node-d"": 1791329971.4193943}"
2026-10-06T23:39:52.630374+00:00,2026-10-06T23:39:41.018822+00:00,load-fixed,387.24,54.0,44.28,11.611552238464355,2.9528892040252686,"{""node-a"": 39.433, ""node-b"": 39.433, ""node-c"": 40.25, ""node-d"": 54.0}","{""node-a"": 1791329987.3904166, ""node-b"": 1791329987.1161156, ""node-c"": 1791329981.0188217, ""node-d"": 1791329986.4209826}"
2026-10-06T23:39:58.317547+00:00,2026-10-06T23:39:46.420983+00:00,load-fixed,392.93,54.0,44.28,11.896564483642578,3.6273562908172607,"{""node-a"": 39.433, ""node-b"": 39.433, ""node-c"": 40.25, ""node-d"": 54.0}","{""node-a"": 1791329987.3904166, ""node-b"": 1791329987.1161156, ""node-c"": 1791329996.0203865, ""node-d"": 1791329986.4209826}"
2026-10-06T23:40:09.989779+00:00,2026-10-06T23:39:56.020386+00:00,cooldown,404.6,52.9,44.28,13.969392538070679,0.25050878524780273,"{""node-a"": 41.381, ""node-b"": 40.894, ""node-c"": 40.8, ""node-d"": 52.9}","{""node-a"": 1791330002.3940063, ""node-b"": 1791330002.1213264, ""node-c"": 1791329996.0203865, ""node-d"": 1791330001.4224415}"
2026-10-06T23:40:15.674566+00:00,2026-10-06T23:40:01.422441+00:00,cooldown,410.29,52.9,44.28,14.252124309539795,0.9233303070068359,"{""node-a"": 41.381, ""node-b"": 40.894, ""node-c"": 39.7, ""node-d"": 52.9}","{""node-a"": 1791330002.3940063, ""node-b"": 1791330002.1213264, ""node-c"": 1791330011.022012, ""node-d"": 1791330001.4224415}"
2026-10-06T23:40:21.374366+00:00,2026-10-06T23:40:02.121326+00:00,cooldown,415.99,50.15,44.28,19.253039598464966,1.0127849578857422,"{""node-a"": 39.433, ""node-b"": 40.894, ""node-c"": 39.7, ""node-d"": 50.15}","{""node-a"": 1791330017.3970666, ""node-b"": 1791330002.1213264, ""node-c"": 1791330011.022012, ""node-d"": 1791330016.4240441}"
2026-10-06T23:40:27.099320+00:00,2026-10-06T23:40:11.022012+00:00,cooldown,421.71,50.15,44.28,16.077308177947998,1.7259676456451416,"{""node-a"": 39.433, ""node-b"": 38.946, ""node-c"": 39.7, ""node-d"": 50.15}","{""node-a"": 1791330017.3970666, ""node-b"": 1791330017.1252532, ""node-c"": 1791330011.022012, ""node-d"": 1791330016.4240441}"
2026-10-06T23:40:32.806852+00:00,2026-10-06T23:40:16.424044+00:00,cooldown,427.42,50.15,44.28,16.382807970046997,2.417139768600464,"{""node-a"": 39.433, ""node-b"": 38.946, ""node-c"": 41.35, ""node-d"": 50.15}","{""node-a"": 1791330017.3970666, ""node-b"": 1791330017.1252532, ""node-c"": 1791330026.023481, ""node-d"": 1791330016.4240441}"
2026-10-06T23:40:38.694767+00:00,2026-10-06T23:40:26.023481+00:00,cooldown,433.31,49.05,41.33999999999999,12.67128610610962,3.288618564605713,"{""node-a"": 40.894, ""node-b"": 40.407, ""node-c"": 41.35, ""node-d"": 49.05}","{""node-a"": 1791330032.400421, ""node-b"": 1791330032.1286356, ""node-c"": 1791330026.023481, ""node-d"": 1791330031.4255197}"
2026-10-06T23:40:44.304041+00:00,2026-10-06T23:40:31.425520+00:00,cooldown,438.92,49.05,41.33999999999999,12.878521203994751,3.879509925842285,"{""node-a"": 40.894, ""node-b"": 40.407, ""node-c"": 40.8, ""node-d"": 49.05}","{""node-a"": 1791330032.400421, ""node-b"": 1791330032.1286356, ""node-c"": 1791330041.0250535, ""node-d"": 1791330031.4255197}"
2026-10-06T23:40:49.966474+00:00,2026-10-06T23:40:32.128636+00:00,cooldown,444.58,49.6,41.33999999999999,17.837838411331177,4.524942636489868,"{""node-a"": 40.894, ""node-b"": 40.407, ""node-c"": 40.8, ""node-d"": 49.6}","{""node-a"": 1791330047.4046788, ""node-b"": 1791330032.1286356, ""node-c"": 1791330041.0250535, ""node-d"": 1791330046.4271364}"
2026-10-06T23:40:57.968170+00:00,2026-10-06T23:40:41.025054+00:00,cooldown,452.58,49.6,41.33999999999999,16.943116426467896,2.497774839401245,"{""node-a"": 40.894, ""node-b"": 39.433, ""node-c"": 40.8, ""node-d"": 49.6}","{""node-a"": 1791330047.4046788, ""node-b"": 1791330047.1324792, ""node-c"": 1791330041.0250535, ""node-d"": 1791330046.4271364}"
2026-10-06T23:41:03.847441+00:00,2026-10-06T23:40:46.427136+00:00,cooldown,458.46,49.6,41.33999999999999,17.420304536819458,3.101160764694214,"{""node-a"": 40.894, ""node-b"": 39.433, ""node-c"": 41.9, ""node-d"": 49.6}","{""node-a"": 1791330047.4046788, ""node-b"": 1791330047.1324792, ""node-c"": 1791330056.026572, ""node-d"": 1791330046.4271364}"
2026-10-06T23:41:09.601927+00:00,2026-10-06T23:40:56.026572+00:00,cooldown,464.21,47.95,38.260000000000005,13.575354814529419,3.8432159423828125,"{""node-a"": 39.433, ""node-b"": 40.407, ""node-c"": 41.9, ""node-d"": 47.95}","{""node-a"": 1791330062.408684, ""node-b"": 1791330062.1357448, ""node-c"": 1791330056.026572, ""node-d"": 1791330061.428707}"
2026-10-06T23:41:15.314508+00:00,2026-10-06T23:41:01.428707+00:00,cooldown,469.93,47.95,38.260000000000005,13.885801076889038,4.539412975311279,"{""node-a"": 39.433, ""node-b"": 40.407, ""node-c"": 40.8, ""node-d"": 47.95}","{""node-a"": 1791330062.408684, ""node-b"": 1791330062.1357448, ""node-c"": 1791330071.0281937, ""node-d"": 1791330061.428707}"
2026-10-06T23:41:21.005542+00:00,2026-10-06T23:41:02.135745+00:00,cooldown,475.62,48.5,38.260000000000005,18.869796991348267,0.20779204368591309,"{""node-a"": 40.894, ""node-b"": 40.407, ""node-c"": 40.8, ""node-d"": 48.5}","{""node-a"": 1791330077.414618, ""node-b"": 1791330062.1357448, ""node-c"": 1791330071.0281937, ""node-d"": 1791330076.4302177}"
2026-10-06T23:41:26.681967+00:00,2026-10-06T23:41:11.028194+00:00,cooldown,481.29,48.5,38.260000000000005,15.653773307800293,5.884217262268066,"{""node-a"": 40.894, ""node-b"": 40.407, ""node-c"": 40.8, ""node-d"": 48.5}","{""node-a"": 1791330077.414618, ""node-b"": 1791330077.138952, ""node-c"": 1791330071.0281937, ""node-d"": 1791330076.4302177}"
2026-10-06T23:41:32.315110+00:00,2026-10-06T23:41:16.430218+00:00,cooldown,486.93,48.5,38.260000000000005,15.884892225265503,0.7049095630645752,"{""node-a"": 40.894, ""node-b"": 40.407, ""node-c"": 41.35, ""node-d"": 48.5}","{""node-a"": 1791330077.414618, ""node-b"": 1791330077.138952, ""node-c"": 1791330086.029711, ""node-d"": 1791330076.4302177}"
2026-10-06T23:41:37.965677+00:00,2026-10-06T23:41:26.029711+00:00,cooldown,492.58,49.05,38.260000000000005,11.93596601486206,1.339733362197876,"{""node-a"": 39.433, ""node-b"": 40.407, ""node-c"": 41.35, ""node-d"": 49.05}","{""node-a"": 1791330092.4196322, ""node-b"": 1791330092.1431231, ""node-c"": 1791330086.029711, ""node-d"": 1791330091.4318256}"
2026-10-06T23:41:43.593763+00:00,2026-10-06T23:41:31.431826+00:00,cooldown,498.21,49.05,38.260000000000005,12.161937475204468,1.9559605121612549,"{""node-a"": 39.433, ""node-b"": 40.407, ""node-c"": 39.7, ""node-d"": 49.05}","{""node-a"": 1791330092.4196322, ""node-b"": 1791330092.1431231, ""node-c"": 1791330101.0313246, ""node-d"": 1791330091.4318256}"
2026-10-06T23:41:54.892521+00:00,2026-10-06T23:41:41.031325+00:00,cooldown,509.5,48.5,38.260000000000005,13.861196279525757,2.960296630859375,"{""node-a"": 40.894, ""node-b"": 39.92, ""node-c"": 39.7, ""node-d"": 48.5}","{""node-a"": 1791330107.422841, ""node-b"": 1791330107.1468444, ""node-c"": 1791330101.0313246, ""node-d"": 1791330106.433415}"
2026-10-06T23:42:00.530500+00:00,2026-10-06T23:41:46.433415+00:00,cooldown,515.14,48.5,38.260000000000005,14.097085237503052,3.5850026607513428,"{""node-a"": 40.894, ""node-b"": 39.92, ""node-c"": 40.8, ""node-d"": 48.5}","{""node-a"": 1791330107.422841, ""node-b"": 1791330107.1468444, ""node-c"": 1791330116.033187, ""node-d"": 1791330106.433415}"
