timestamp_utc,source_observed_at_utc,phase,elapsed_s,load_cpu_limit,raspi_40_c,raspi_41_c,raspi_50_c,raspi_51_c,hottest_node,hottest_c,control_temp_c,requested_duty_percent,max_source_age_s,worker_heartbeat_age_s
2026-10-06T14:21:49+00:00,2026-10-06T14:21:32+00:00,baseline,0.8,,41.381,42.355,43.0,48.5,raspi-51,48.5,48.5,36.580000000000005,16.59,1.54
2026-10-06T14:21:54+00:00,2026-10-06T14:21:42+00:00,baseline,6.4,,41.381,41.381,43.0,49.05,raspi-51,49.05,49.05,36.580000000000005,12.77,2.16
2026-10-06T14:22:00+00:00,2026-10-06T14:21:47+00:00,baseline,12.1,,41.381,41.381,43.55,49.05,raspi-51,49.05,49.05,36.580000000000005,12.85,2.76
2026-10-06T14:22:06+00:00,2026-10-06T14:21:48+00:00,baseline,17.6,,41.868,41.381,43.55,49.05,raspi-51,49.05,49.05,36.580000000000005,17.83,3.34
2026-10-06T14:22:11+00:00,2026-10-06T14:21:57+00:00,baseline,23.4,,41.868,43.329,43.55,49.05,raspi-51,49.05,49.05,36.580000000000005,14.73,4.07
2026-10-06T14:22:17+00:00,2026-10-06T14:22:02+00:00,baseline,29.0,,41.868,43.329,44.1,49.05,raspi-51,49.05,49.05,36.580000000000005,14.83,4.69
2026-10-06T14:22:24+00:00,2026-10-06T14:22:12+00:00,load-1cpu,36.0,1,41.868,41.381,44.1,50.15,raspi-51,50.15,50.15,36.580000000000005,12.32,1.62
2026-10-06T14:22:31+00:00,2026-10-06T14:22:17+00:00,load-1cpu,43.2,1,41.868,41.381,44.65,50.15,raspi-51,50.15,50.15,36.580000000000005,13.94,3.76
2026-10-06T14:22:37+00:00,2026-10-06T14:22:27+00:00,load-1cpu,48.8,1,42.355,41.868,44.65,53.45,raspi-51,53.45,50.15,36.580000000000005,10.12,4.39
2026-10-06T14:22:48+00:00,2026-10-06T14:22:32+00:00,load-1cpu,60.2,1,42.355,41.868,44.1,53.45,raspi-51,53.45,53.45,39.66000000000001,15.97,0.74
2026-10-06T14:22:54+00:00,2026-10-06T14:22:42+00:00,load-1cpu,65.8,1,42.355,40.407,44.1,57.3,raspi-51,57.3,57.3,50.43999999999999,12.13,1.34
2026-10-06T14:23:00+00:00,2026-10-06T14:22:47+00:00,load-1cpu,71.5,1,42.355,40.407,44.65,57.3,raspi-51,57.3,57.3,50.43999999999999,12.3,2.03
2026-10-06T14:23:05+00:00,2026-10-06T14:22:48+00:00,load-1cpu,77.1,1,40.407,40.407,44.65,55.65,raspi-51,55.65,57.3,50.43999999999999,17.28,2.62
2026-10-06T14:23:11+00:00,2026-10-06T14:22:57+00:00,load-1cpu,82.8,1,40.407,41.381,44.65,55.65,raspi-51,55.65,55.65,50.43999999999999,14.11,3.28
2026-10-06T14:23:17+00:00,2026-10-06T14:23:02+00:00,load-1cpu,88.5,1,40.407,41.381,44.1,55.65,raspi-51,55.65,55.65,50.43999999999999,14.27,3.97
2026-10-06T14:23:22+00:00,2026-10-06T14:23:12+00:00,load-1cpu,94.3,1,39.92,39.433,44.1,54.55,raspi-51,54.55,55.65,50.43999999999999,10.58,4.72
2026-10-06T14:23:29+00:00,2026-10-06T14:23:17+00:00,load-1cpu,101.2,1,39.92,39.433,44.1,54.55,raspi-51,54.55,54.55,50.43999999999999,11.93,1.6
2026-10-06T14:23:35+00:00,2026-10-06T14:23:18+00:00,load-1cpu,106.8,1,42.355,39.433,44.1,55.1,raspi-51,55.1,54.55,50.43999999999999,16.92,2.18
2026-10-06T14:23:40+00:00,2026-10-06T14:23:27+00:00,load-1cpu,112.4,1,42.355,39.92,44.1,55.1,raspi-51,55.1,55.1,50.43999999999999,13.72,2.8
2026-10-06T14:23:46+00:00,2026-10-06T14:23:32+00:00,load-1cpu,118.1,1,42.355,39.92,43.55,55.1,raspi-51,55.1,55.1,50.43999999999999,13.83,3.45
2026-10-06T14:23:52+00:00,2026-10-06T14:23:42+00:00,load-1cpu,123.7,1,40.894,39.92,43.55,54.55,raspi-51,54.55,55.1,50.43999999999999,10.04,4.1
2026-10-06T14:24:03+00:00,2026-10-06T14:23:47+00:00,load-1cpu,135.0,1,40.894,39.92,44.65,54.55,raspi-51,54.55,54.55,50.43999999999999,15.76,0.32
2026-10-06T14:24:09+00:00,2026-10-06T14:23:57+00:00,load-1cpu,140.6,1,40.894,41.868,44.65,55.1,raspi-51,55.1,55.1,50.43999999999999,11.95,0.95
2026-10-06T14:24:14+00:00,2026-10-06T14:24:02+00:00,load-1cpu,146.2,1,40.894,41.868,43.55,55.1,raspi-51,55.1,55.1,50.43999999999999,12.0,1.54
2026-10-06T14:24:20+00:00,2026-10-06T14:24:03+00:00,load-1cpu,151.9,1,41.868,41.868,43.55,55.1,raspi-51,55.1,55.1,50.43999999999999,17.0,2.14
2026-10-06T14:24:26+00:00,2026-10-06T14:24:12+00:00,load-1cpu,157.5,1,41.868,38.946,43.55,55.1,raspi-51,55.1,55.1,50.43999999999999,13.77,2.73
2026-10-06T14:24:31+00:00,2026-10-06T14:24:17+00:00,load-1cpu,163.1,1,41.868,38.946,44.65,55.1,raspi-51,55.1,55.1,50.43999999999999,13.92,3.4
2026-10-06T14:24:37+00:00,2026-10-06T14:24:27+00:00,load-1cpu,168.8,1,40.894,39.92,44.65,55.65,raspi-51,55.65,55.1,50.43999999999999,10.08,4.01
2026-10-06T14:24:49+00:00,2026-10-06T14:24:32+00:00,load-1cpu,180.5,1,40.894,39.92,43.55,55.65,raspi-51,55.65,55.65,50.43999999999999,16.27,0.64
2026-10-06T14:24:54+00:00,2026-10-06T14:24:42+00:00,load-1cpu,186.2,1,40.894,38.946,43.55,55.1,raspi-51,55.1,55.1,50.43999999999999,12.48,1.28
2026-10-06T14:25:00+00:00,2026-10-06T14:24:47+00:00,load-1cpu,191.9,1,40.894,38.946,43.0,55.1,raspi-51,55.1,55.1,50.43999999999999,12.63,1.96
2026-10-06T14:25:06+00:00,2026-10-06T14:24:48+00:00,load-1cpu,197.6,1,39.92,38.946,43.0,55.1,raspi-51,55.1,55.1,50.43999999999999,17.71,2.66
2026-10-06T14:25:11+00:00,2026-10-06T14:24:57+00:00,load-1cpu,203.2,1,39.92,41.868,43.0,55.1,raspi-51,55.1,55.1,50.43999999999999,14.55,3.3
2026-10-06T14:25:17+00:00,2026-10-06T14:25:02+00:00,load-1cpu,208.9,1,39.92,41.868,43.0,55.1,raspi-51,55.1,55.1,50.43999999999999,14.66,3.95
2026-10-06T14:25:23+00:00,2026-10-06T14:25:12+00:00,load-1cpu,214.7,1,41.868,38.946,43.0,55.1,raspi-51,55.1,55.1,50.43999999999999,10.99,4.1
2026-10-06T14:25:29+00:00,2026-10-06T14:25:17+00:00,cooldown,220.5,,41.868,38.946,43.0,55.1,raspi-51,55.1,55.1,50.43999999999999,11.25,4.89
2026-10-06T14:25:34+00:00,2026-10-06T14:25:18+00:00,cooldown,226.1,,41.381,38.946,43.0,52.9,raspi-51,52.9,55.1,50.43999999999999,16.22,0.48
2026-10-06T14:25:40+00:00,2026-10-06T14:25:27+00:00,cooldown,231.7,,41.381,41.868,43.0,52.9,raspi-51,52.9,52.9,50.43999999999999,13.04,1.09
2026-10-06T14:25:45+00:00,2026-10-06T14:25:32+00:00,cooldown,237.3,,41.381,41.868,43.55,52.9,raspi-51,52.9,52.9,50.43999999999999,13.11,1.7
2026-10-06T14:25:51+00:00,2026-10-06T14:25:42+00:00,cooldown,243.0,,40.894,37.972,43.55,51.25,raspi-51,51.25,51.25,47.5,9.27,1.18
2026-10-06T14:26:02+00:00,2026-10-06T14:25:47+00:00,cooldown,254.3,,40.894,37.972,43.55,51.25,raspi-51,51.25,51.25,47.5,15.1,2.52
2026-10-06T14:26:08+00:00,2026-10-06T14:25:57+00:00,cooldown,260.2,,39.92,39.92,43.55,49.6,raspi-51,49.6,49.6,42.88,11.52,3.38
2026-10-06T14:26:14+00:00,2026-10-06T14:26:02+00:00,cooldown,265.9,,39.92,39.92,43.0,49.6,raspi-51,49.6,49.6,42.88,11.64,4.03
2026-10-06T14:26:20+00:00,2026-10-06T14:26:03+00:00,cooldown,271.5,,41.381,39.92,43.0,49.05,raspi-51,49.05,49.6,42.88,16.63,4.65
2026-10-06T14:26:25+00:00,2026-10-06T14:26:12+00:00,cooldown,277.2,,41.381,41.381,43.0,49.05,raspi-51,49.05,49.05,41.33999999999999,13.47,0.28
2026-10-06T14:26:31+00:00,2026-10-06T14:26:17+00:00,cooldown,282.8,,41.381,41.381,44.65,49.05,raspi-51,49.05,49.05,41.33999999999999,13.57,0.91
2026-10-06T14:26:37+00:00,2026-10-06T14:26:27+00:00,cooldown,288.5,,40.894,41.381,44.65,50.15,raspi-51,50.15,50.15,41.33999999999999,9.76,1.55
2026-10-06T14:26:48+00:00,2026-10-06T14:26:32+00:00,cooldown,299.9,,40.894,41.381,42.45,50.15,raspi-51,50.15,50.15,41.33999999999999,15.67,2.98
2026-10-06T14:26:54+00:00,2026-10-06T14:26:42+00:00,cooldown,305.6,,41.381,39.433,42.45,49.05,raspi-51,49.05,49.05,41.33999999999999,11.87,3.58
2026-10-06T14:26:59+00:00,2026-10-06T14:26:47+00:00,cooldown,311.2,,41.381,39.433,43.0,49.05,raspi-51,49.05,49.05,41.33999999999999,11.99,4.22
2026-10-06T14:27:05+00:00,2026-10-06T14:26:48+00:00,cooldown,316.8,,42.355,39.433,43.0,47.4,raspi-51,47.4,49.05,41.33999999999999,16.93,4.81
2026-10-06T14:27:11+00:00,2026-10-06T14:26:57+00:00,cooldown,322.5,,42.355,40.894,43.0,47.4,raspi-51,47.4,47.4,36.72,13.81,0.46
2026-10-06T14:27:17+00:00,2026-10-06T14:27:02+00:00,cooldown,328.7,,42.355,40.894,43.55,47.4,raspi-51,47.4,47.4,36.72,14.46,1.65
2026-10-06T14:27:22+00:00,2026-10-06T14:27:12+00:00,cooldown,334.4,,41.868,39.92,43.55,49.05,raspi-51,49.05,49.05,36.72,10.68,2.31
2026-10-06T14:27:28+00:00,2026-10-06T14:27:17+00:00,cooldown,340.0,,41.868,39.92,43.55,49.05,raspi-51,49.05,49.05,36.72,10.77,2.92
