timestamp_utc,source_observed_at_utc,phase,elapsed_s,hottest_c,requested_duty_percent,max_source_age_s,worker_heartbeat_age_s,member_temperatures_json,member_observed_timestamps_json
2026-10-06T21:19:13.685428+00:00,2026-10-06T21:19:00.251387+00:00,baseline,3.01,47.95,35.03999999999999,13.434041023254395,4.093583583831787,"{""node-a"": 41.381, ""node-b"": 42.355, ""node-c"": 44.65, ""node-d"": 47.95}","{""node-a"": 1791321540.251387, ""node-b"": 1791321544.9268932, ""node-c"": 1791321550.067052, ""node-d"": 1791321540.507932}"
2026-10-06T21:19:19.344070+00:00,2026-10-06T21:19:00.507932+00:00,baseline,8.67,47.95,35.03999999999999,18.836138010025024,4.736681699752808,"{""node-a"": 42.842, ""node-b"": 42.355, ""node-c"": 44.65, ""node-d"": 47.95}","{""node-a"": 1791321555.2552438, ""node-b"": 1791321544.9268932, ""node-c"": 1791321550.067052, ""node-d"": 1791321540.507932}"
2026-10-06T21:19:24.982300+00:00,2026-10-06T21:19:10.067052+00:00,baseline,14.31,49.05,35.03999999999999,14.915247917175293,0.3488643169403076,"{""node-a"": 42.842, ""node-b"": 41.381, ""node-c"": 44.65, ""node-d"": 49.05}","{""node-a"": 1791321555.2552438, ""node-b"": 1791321559.9305236, ""node-c"": 1791321550.067052, ""node-d"": 1791321555.5093446}"
2026-10-06T21:19:30.683043+00:00,2026-10-06T21:19:15.255244+00:00,baseline,20.01,49.05,35.03999999999999,15.427799224853516,1.0334365367889404,"{""node-a"": 42.842, ""node-b"": 41.381, ""node-c"": 45.2, ""node-d"": 49.05}","{""node-a"": 1791321555.2552438, ""node-b"": 1791321559.9305236, ""node-c"": 1791321565.0685947, ""node-d"": 1791321555.5093446}"
2026-10-06T21:19:36.274283+00:00,2026-10-06T21:19:19.930524+00:00,baseline,25.6,46.85,35.03999999999999,16.343759298324585,1.609788179397583,"{""node-a"": 42.355, ""node-b"": 41.381, ""node-c"": 45.2, ""node-d"": 46.85}","{""node-a"": 1791321570.2589605, ""node-b"": 1791321559.9305236, ""node-c"": 1791321565.0685947, ""node-d"": 1791321570.511008}"
2026-10-06T21:19:41.897093+00:00,2026-10-06T21:19:25.068595+00:00,baseline,31.22,46.85,35.03999999999999,16.828498363494873,2.2168197631835938,"{""node-a"": 42.355, ""node-b"": 39.92, ""node-c"": 45.2, ""node-d"": 46.85}","{""node-a"": 1791321570.2589605, ""node-b"": 1791321574.934829, ""node-c"": 1791321565.0685947, ""node-d"": 1791321570.511008}"
2026-10-06T21:19:48.387067+00:00,2026-10-06T21:19:30.258960+00:00,load-fixed,37.71,46.85,35.03999999999999,18.128106355667114,3.6926093101501465,"{""node-a"": 42.355, ""node-b"": 39.92, ""node-c"": 43.55, ""node-d"": 46.85}","{""node-a"": 1791321570.2589605, ""node-b"": 1791321574.934829, ""node-c"": 1791321580.0702324, ""node-d"": 1791321570.511008}"
2026-10-06T21:19:54.156002+00:00,2026-10-06T21:19:40.070232+00:00,load-fixed,43.48,48.5,35.03999999999999,14.085769653320312,4.4447548389434814,"{""node-a"": 41.381, ""node-b"": 40.407, ""node-c"": 43.55, ""node-d"": 48.5}","{""node-a"": 1791321585.2640674, ""node-b"": 1791321589.9387481, ""node-c"": 1791321580.0702324, ""node-d"": 1791321585.5124035}"
2026-10-06T21:19:59.880960+00:00,2026-10-06T21:19:45.264067+00:00,load-fixed,49.21,48.5,35.03999999999999,14.616892576217651,5.1511149406433105,"{""node-a"": 41.381, ""node-b"": 40.407, ""node-c"": 43.55, ""node-d"": 48.5}","{""node-a"": 1791321585.2640674, ""node-b"": 1791321589.9387481, ""node-c"": 1791321595.0718832, ""node-d"": 1791321585.5124035}"
2026-10-06T21:20:07.853610+00:00,2026-10-06T21:19:55.071883+00:00,load-fixed,57.18,49.05,35.03999999999999,12.781726837158203,3.0966382026672363,"{""node-a"": 42.355, ""node-b"": 40.407, ""node-c"": 43.55, ""node-d"": 49.05}","{""node-a"": 1791321600.2673612, ""node-b"": 1791321604.9434075, ""node-c"": 1791321595.0718832, ""node-d"": 1791321600.5138884}"
2026-10-06T21:20:13.744081+00:00,2026-10-06T21:20:00.267361+00:00,load-fixed,63.07,49.05,35.03999999999999,13.476719617843628,3.9738190174102783,"{""node-a"": 42.355, ""node-b"": 40.407, ""node-c"": 43.0, ""node-d"": 49.05}","{""node-a"": 1791321600.2673612, ""node-b"": 1791321604.9434075, ""node-c"": 1791321610.0735595, ""node-d"": 1791321600.5138884}"
2026-10-06T21:20:19.538051+00:00,2026-10-06T21:20:04.943408+00:00,load-fixed,68.86,49.05,35.03999999999999,14.594643592834473,4.753673076629639,"{""node-a"": 42.355, ""node-b"": 40.407, ""node-c"": 43.0, ""node-d"": 49.05}","{""node-a"": 1791321615.271397, ""node-b"": 1791321604.9434075, ""node-c"": 1791321610.0735595, ""node-d"": 1791321615.5155125}"
2026-10-06T21:20:25.484920+00:00,2026-10-06T21:20:10.073560+00:00,load-fixed,74.81,50.7,35.03999999999999,15.411360502243042,0.6727783679962158,"{""node-a"": 42.355, ""node-b"": 40.894, ""node-c"": 43.0, ""node-d"": 50.7}","{""node-a"": 1791321615.271397, ""node-b"": 1791321619.9466476, ""node-c"": 1791321610.0735595, ""node-d"": 1791321615.5155125}"
2026-10-06T21:20:31.156481+00:00,2026-10-06T21:20:15.271397+00:00,load-fixed,80.48,50.7,35.03999999999999,15.8850839138031,1.3313543796539307,"{""node-a"": 42.355, ""node-b"": 40.894, ""node-c"": 44.65, ""node-d"": 50.7}","{""node-a"": 1791321615.271397, ""node-b"": 1791321619.9466476, ""node-c"": 1791321625.0750165, ""node-d"": 1791321615.5155125}"
2026-10-06T21:20:36.853346+00:00,2026-10-06T21:20:25.075016+00:00,load-fixed,86.18,49.05,35.03999999999999,11.778329610824585,2.008976697921753,"{""node-a"": 42.355, ""node-b"": 41.381, ""node-c"": 44.65, ""node-d"": 49.05}","{""node-a"": 1791321630.2747664, ""node-b"": 1791321634.9519424, ""node-c"": 1791321625.0750165, ""node-d"": 1791321630.5169895}"
2026-10-06T21:20:48.317490+00:00,2026-10-06T21:20:30.274766+00:00,load-fixed,97.64,49.05,35.03999999999999,18.042723417282104,3.4415581226348877,"{""node-a"": 42.355, ""node-b"": 41.381, ""node-c"": 41.35, ""node-d"": 49.05}","{""node-a"": 1791321630.2747664, ""node-b"": 1791321634.9519424, ""node-c"": 1791321640.0767102, ""node-d"": 1791321630.5169895}"
2026-10-06T21:20:54.183678+00:00,2026-10-06T21:20:40.076710+00:00,load-fixed,103.51,50.7,35.03999999999999,14.106967687606812,4.293126106262207,"{""node-a"": 42.355, ""node-b"": 41.868, ""node-c"": 41.35, ""node-d"": 50.7}","{""node-a"": 1791321645.2811487, ""node-b"": 1791321649.9555273, ""node-c"": 1791321640.0767102, ""node-d"": 1791321645.5184407}"
2026-10-06T21:21:00.512388+00:00,2026-10-06T21:20:45.281149+00:00,load-fixed,109.84,50.7,35.03999999999999,15.231239318847656,0.5949716567993164,"{""node-a"": 42.355, ""node-b"": 41.868, ""node-c"": 44.65, ""node-d"": 50.7}","{""node-a"": 1791321645.2811487, ""node-b"": 1791321649.9555273, ""node-c"": 1791321655.0781846, ""node-d"": 1791321645.5184407}"
2026-10-06T21:21:06.215955+00:00,2026-10-06T21:20:49.955527+00:00,load-fixed,115.54,51.8,35.03999999999999,16.260427713394165,1.2803025245666504,"{""node-a"": 42.355, ""node-b"": 41.868, ""node-c"": 44.65, ""node-d"": 51.8}","{""node-a"": 1791321660.284909, ""node-b"": 1791321649.9555273, ""node-c"": 1791321655.0781846, ""node-d"": 1791321660.5200627}"
2026-10-06T21:21:12.026840+00:00,2026-10-06T21:20:55.078185+00:00,load-fixed,121.35,51.8,35.03999999999999,16.948655366897583,2.075709581375122,"{""node-a"": 42.355, ""node-b"": 40.407, ""node-c"": 44.65, ""node-d"": 51.8}","{""node-a"": 1791321660.284909, ""node-b"": 1791321664.9596052, ""node-c"": 1791321655.0781846, ""node-d"": 1791321660.5200627}"
2026-10-06T21:21:17.719657+00:00,2026-10-06T21:21:00.284909+00:00,load-fixed,127.05,51.8,35.03999999999999,17.43474793434143,2.7514266967773438,"{""node-a"": 42.355, ""node-b"": 40.407, ""node-c"": 42.45, ""node-d"": 51.8}","{""node-a"": 1791321660.284909, ""node-b"": 1791321664.9596052, ""node-c"": 1791321670.079851, ""node-d"": 1791321660.5200627}"
2026-10-06T21:21:23.413363+00:00,2026-10-06T21:21:10.079851+00:00,load-fixed,132.74,51.25,35.03999999999999,13.3335120677948,3.432953357696533,"{""node-a"": 41.868, ""node-b"": 40.894, ""node-c"": 42.45, ""node-d"": 51.25}","{""node-a"": 1791321675.2884946, ""node-b"": 1791321679.9659646, ""node-c"": 1791321670.079851, ""node-d"": 1791321675.521447}"
2026-10-06T21:21:29.167966+00:00,2026-10-06T21:21:15.288495+00:00,load-fixed,138.49,51.25,35.03999999999999,13.87947130203247,4.17167067527771,"{""node-a"": 41.868, ""node-b"": 40.894, ""node-c"": 44.1, ""node-d"": 51.25}","{""node-a"": 1791321675.2884946, ""node-b"": 1791321679.9659646, ""node-c"": 1791321685.0813167, ""node-d"": 1791321675.521447}"
2026-10-06T21:21:35.191396+00:00,2026-10-06T21:21:19.965965+00:00,load-fixed,144.52,50.7,35.03999999999999,15.225431442260742,5.180409908294678,"{""node-a"": 42.842, ""node-b"": 40.894, ""node-c"": 44.1, ""node-d"": 50.7}","{""node-a"": 1791321690.292476, ""node-b"": 1791321679.9659646, ""node-c"": 1791321685.0813167, ""node-d"": 1791321690.5229576}"
2026-10-06T21:21:41.118001+00:00,2026-10-06T21:21:25.081317+00:00,load-fixed,150.44,50.7,35.03999999999999,16.036684274673462,1.0804357528686523,"{""node-a"": 42.842, ""node-b"": 40.407, ""node-c"": 44.1, ""node-d"": 50.7}","{""node-a"": 1791321690.292476, ""node-b"": 1791321694.9693322, ""node-c"": 1791321685.0813167, ""node-d"": 1791321690.5229576}"
2026-10-06T21:21:46.929497+00:00,2026-10-06T21:21:30.292476+00:00,load-fixed,156.25,50.7,35.03999999999999,16.6370210647583,1.8757274150848389,"{""node-a"": 42.842, ""node-b"": 40.407, ""node-c"": 42.45, ""node-d"": 50.7}","{""node-a"": 1791321690.292476, ""node-b"": 1791321694.9693322, ""node-c"": 1791321700.0830011, ""node-d"": 1791321690.5229576}"
2026-10-06T21:21:52.728502+00:00,2026-10-06T21:21:40.083001+00:00,load-fixed,162.05,51.25,35.03999999999999,12.645500898361206,2.6619067192077637,"{""node-a"": 40.894, ""node-b"": 40.894, ""node-c"": 42.45, ""node-d"": 51.25}","{""node-a"": 1791321705.2993243, ""node-b"": 1791321709.97348, ""node-c"": 1791321700.0830011, ""node-d"": 1791321705.524494}"
2026-10-06T21:22:00.547093+00:00,2026-10-06T21:21:45.299324+00:00,load-fixed,169.87,51.25,35.03999999999999,15.247768640518188,0.44533228874206543,"{""node-a"": 40.894, ""node-b"": 40.894, ""node-c"": 44.65, ""node-d"": 51.25}","{""node-a"": 1791321705.2993243, ""node-b"": 1791321709.97348, ""node-c"": 1791321715.0845773, ""node-d"": 1791321705.524494}"
2026-10-06T21:22:06.320759+00:00,2026-10-06T21:21:49.973480+00:00,load-fixed,175.65,50.7,35.03999999999999,16.34727907180786,1.2027249336242676,"{""node-a"": 43.329, ""node-b"": 40.894, ""node-c"": 44.65, ""node-d"": 50.7}","{""node-a"": 1791321720.3040502, ""node-b"": 1791321709.97348, ""node-c"": 1791321715.0845773, ""node-d"": 1791321720.5261698}"
2026-10-06T21:22:12.004882+00:00,2026-10-06T21:21:55.084577+00:00,load-fixed,181.33,50.7,35.03999999999999,16.920304536819458,1.8732211589813232,"{""node-a"": 43.329, ""node-b"": 40.894, ""node-c"": 44.65, ""node-d"": 50.7}","{""node-a"": 1791321720.3040502, ""node-b"": 1791321724.9775374, ""node-c"": 1791321715.0845773, ""node-d"": 1791321720.5261698}"
2026-10-06T21:22:17.690216+00:00,2026-10-06T21:22:00.304050+00:00,load-fixed,187.02,50.7,35.03999999999999,17.386165618896484,2.5433521270751953,"{""node-a"": 43.329, ""node-b"": 40.894, ""node-c"": 43.55, ""node-d"": 50.7}","{""node-a"": 1791321720.3040502, ""node-b"": 1791321724.9775374, ""node-c"": 1791321730.0861788, ""node-d"": 1791321720.5261698}"
2026-10-06T21:22:23.403495+00:00,2026-10-06T21:22:10.086179+00:00,load-fixed,192.73,51.8,35.03999999999999,13.317316055297852,3.242197275161743,"{""node-a"": 41.381, ""node-b"": 41.381, ""node-c"": 43.55, ""node-d"": 51.8}","{""node-a"": 1791321735.3076987, ""node-b"": 1791321739.9813218, ""node-c"": 1791321730.0861788, ""node-d"": 1791321735.5275874}"
2026-10-06T21:22:29.073844+00:00,2026-10-06T21:22:15.307699+00:00,load-fixed,198.4,51.8,35.03999999999999,13.7661452293396,3.892299175262451,"{""node-a"": 41.381, ""node-b"": 41.381, ""node-c"": 47.95, ""node-d"": 51.8}","{""node-a"": 1791321735.3076987, ""node-b"": 1791321739.9813218, ""node-c"": 1791321745.0876846, ""node-d"": 1791321735.5275874}"
2026-10-06T21:22:35.733595+00:00,2026-10-06T21:22:19.981322+00:00,cooldown,205.06,51.25,35.03999999999999,15.752273082733154,0.5190279483795166,"{""node-a"": 41.868, ""node-b"": 41.381, ""node-c"": 47.95, ""node-d"": 51.25}","{""node-a"": 1791321750.312732, ""node-b"": 1791321739.9813218, ""node-c"": 1791321745.0876846, ""node-d"": 1791321750.5291505}"
2026-10-06T21:22:41.423304+00:00,2026-10-06T21:22:25.087685+00:00,cooldown,210.75,51.25,35.03999999999999,16.3356192111969,1.192589282989502,"{""node-a"": 41.868, ""node-b"": 41.381, ""node-c"": 47.95, ""node-d"": 51.25}","{""node-a"": 1791321750.312732, ""node-b"": 1791321754.9857872, ""node-c"": 1791321745.0876846, ""node-d"": 1791321750.5291505}"
2026-10-06T21:22:50.117525+00:00,2026-10-06T21:22:34.985787+00:00,cooldown,219.44,50.15,35.03999999999999,15.13173794746399,4.874300003051758,"{""node-a"": 44.79, ""node-b"": 41.381, ""node-c"": 47.95, ""node-d"": 50.15}","{""node-a"": 1791321765.3176985, ""node-b"": 1791321754.9857872, ""node-c"": 1791321760.0892127, ""node-d"": 1791321765.5306745}"
2026-10-06T21:22:55.920096+00:00,2026-10-06T21:22:40.089213+00:00,cooldown,225.25,50.15,35.03999999999999,15.830883264541626,0.6502926349639893,"{""node-a"": 44.79, ""node-b"": 40.894, ""node-c"": 47.95, ""node-d"": 50.15}","{""node-a"": 1791321765.3176985, ""node-b"": 1791321769.9942288, ""node-c"": 1791321760.0892127, ""node-d"": 1791321765.5306745}"
2026-10-06T21:23:01.628839+00:00,2026-10-06T21:22:45.317698+00:00,cooldown,230.95,50.15,35.03999999999999,16.311140537261963,1.33829927444458,"{""node-a"": 44.79, ""node-b"": 40.894, ""node-c"": 47.4, ""node-d"": 50.15}","{""node-a"": 1791321765.3176985, ""node-b"": 1791321769.9942288, ""node-c"": 1791321775.0910826, ""node-d"": 1791321765.5306745}"
2026-10-06T21:23:07.274285+00:00,2026-10-06T21:22:55.091083+00:00,cooldown,236.6,50.15,35.03999999999999,12.183202505111694,1.9687507152557373,"{""node-a"": 41.868, ""node-b"": 39.92, ""node-c"": 47.4, ""node-d"": 50.15}","{""node-a"": 1791321780.3283653, ""node-b"": 1791321784.9975932, ""node-c"": 1791321775.0910826, ""node-d"": 1791321780.532278}"
2026-10-06T21:23:18.612420+00:00,2026-10-06T21:23:00.328365+00:00,cooldown,247.94,50.7,35.03999999999999,18.28405475616455,3.266603469848633,"{""node-a"": 41.868, ""node-b"": 39.92, ""node-c"": 50.7, ""node-d"": 50.15}","{""node-a"": 1791321780.3283653, ""node-b"": 1791321784.9975932, ""node-c"": 1791321790.0929828, ""node-d"": 1791321780.532278}"
2026-10-06T21:23:24.328387+00:00,2026-10-06T21:23:10.092983+00:00,cooldown,253.65,50.7,35.03999999999999,14.235404253005981,3.966627359390259,"{""node-a"": 42.355, ""node-b"": 40.407, ""node-c"": 50.7, ""node-d"": 49.6}","{""node-a"": 1791321795.3328953, ""node-b"": 1791321800.0022101, ""node-c"": 1791321790.0929828, ""node-d"": 1791321795.533831}"
2026-10-06T21:23:30.219866+00:00,2026-10-06T21:23:15.332895+00:00,cooldown,259.54,49.6,35.03999999999999,14.88697075843811,4.842686414718628,"{""node-a"": 42.355, ""node-b"": 40.407, ""node-c"": 49.6, ""node-d"": 49.6}","{""node-a"": 1791321795.3328953, ""node-b"": 1791321800.0022101, ""node-c"": 1791321805.0944881, ""node-d"": 1791321795.533831}"
2026-10-06T21:23:35.941983+00:00,2026-10-06T21:23:20.002210+00:00,cooldown,265.27,49.6,35.03999999999999,15.939772844314575,0.5311722755432129,"{""node-a"": 40.894, ""node-b"": 40.407, ""node-c"": 49.6, ""node-d"": 47.95}","{""node-a"": 1791321810.3370647, ""node-b"": 1791321800.0022101, ""node-c"": 1791321805.0944881, ""node-d"": 1791321810.5360358}"
2026-10-06T21:23:42.335153+00:00,2026-10-06T21:23:25.094488+00:00,cooldown,271.66,49.6,35.03999999999999,17.24066472053528,1.8945701122283936,"{""node-a"": 40.894, ""node-b"": 40.407, ""node-c"": 49.6, ""node-d"": 47.95}","{""node-a"": 1791321810.3370647, ""node-b"": 1791321815.0059397, ""node-c"": 1791321805.0944881, ""node-d"": 1791321810.5360358}"
2026-10-06T21:23:48.027888+00:00,2026-10-06T21:23:30.337065+00:00,cooldown,277.35,48.5,35.03999999999999,17.690823316574097,2.5731537342071533,"{""node-a"": 40.894, ""node-b"": 40.407, ""node-c"": 48.5, ""node-d"": 47.95}","{""node-a"": 1791321810.3370647, ""node-b"": 1791321815.0059397, ""node-c"": 1791321820.09601, ""node-d"": 1791321810.5360358}"
2026-10-06T21:23:53.724618+00:00,2026-10-06T21:23:40.096010+00:00,cooldown,283.05,49.05,35.03999999999999,13.628607988357544,3.257655382156372,"{""node-a"": 42.842, ""node-b"": 40.894, ""node-c"": 48.5, ""node-d"": 49.05}","{""node-a"": 1791321825.3408165, ""node-b"": 1791321830.011824, ""node-c"": 1791321820.09601, ""node-d"": 1791321825.537615}"
2026-10-06T21:23:59.352257+00:00,2026-10-06T21:23:45.340816+00:00,cooldown,288.68,49.05,35.03999999999999,14.011440515518188,3.870976448059082,"{""node-a"": 42.842, ""node-b"": 40.894, ""node-c"": 48.5, ""node-d"": 49.05}","{""node-a"": 1791321825.3408165, ""node-b"": 1791321830.011824, ""node-c"": 1791321835.0992439, ""node-d"": 1791321825.537615}"
2026-10-06T21:24:05.100702+00:00,2026-10-06T21:23:50.011824+00:00,cooldown,294.42,49.6,35.03999999999999,15.088878154754639,4.605931758880615,"{""node-a"": 41.868, ""node-b"": 40.894, ""node-c"": 48.5, ""node-d"": 49.6}","{""node-a"": 1791321840.3449829, ""node-b"": 1791321830.011824, ""node-c"": 1791321835.0992439, ""node-d"": 1791321840.5391016}"
2026-10-06T21:24:10.820626+00:00,2026-10-06T21:23:55.099244+00:00,cooldown,300.14,49.6,35.03999999999999,15.721382141113281,0.2925896644592285,"{""node-a"": 41.868, ""node-b"": 41.868, ""node-c"": 48.5, ""node-d"": 49.6}","{""node-a"": 1791321840.3449829, ""node-b"": 1791321845.017649, ""node-c"": 1791321835.0992439, ""node-d"": 1791321840.5391016}"
2026-10-06T21:24:16.659935+00:00,2026-10-06T21:24:00.344983+00:00,cooldown,305.98,49.6,35.03999999999999,16.31495213508606,1.1113779544830322,"{""node-a"": 41.868, ""node-b"": 41.868, ""node-c"": 45.75, ""node-d"": 49.6}","{""node-a"": 1791321840.3449829, ""node-b"": 1791321845.017649, ""node-c"": 1791321850.1009054, ""node-d"": 1791321840.5391016}"
2026-10-06T21:24:22.478079+00:00,2026-10-06T21:24:10.100905+00:00,cooldown,311.8,50.15,35.03999999999999,12.377173662185669,1.9121747016906738,"{""node-a"": 43.329, ""node-b"": 42.842, ""node-c"": 45.75, ""node-d"": 50.15}","{""node-a"": 1791321855.352062, ""node-b"": 1791321860.0219376, ""node-c"": 1791321850.1009054, ""node-d"": 1791321855.5407014}"
