timestamp_utc,stage,load_pod,load_node,raspi_40_c,raspi_41_c,raspi_50_c,raspi_51_c,hottest_node,hottest_c,requested_fan_duty_percent,max_telemetry_age_s,controller_ready
2026-10-06T03:23:10+00:00,baseline,,raspi-51,40.407,40.894,42.45,47.95,raspi-51,47.95,35.04,0.000,True
2026-10-06T03:23:27+00:00,baseline,,raspi-51,40.407,40.894,41.35,47.4,raspi-51,47.4,35.04,0.000,True
2026-10-06T03:23:45+00:00,load-1cpu,pifanctl-live-load-1cpu,raspi-51,40.894,40.894,41.35,53.45,raspi-51,53.45,35.04,0.000,True
2026-10-06T03:24:00+00:00,load-1cpu,pifanctl-live-load-1cpu,raspi-51,39.92,40.894,41.9,57.3,raspi-51,57.3,39.66,0.000,True
2026-10-06T03:24:18+00:00,load-1cpu,pifanctl-live-load-1cpu,raspi-51,42.355,40.407,40.8,56.75,raspi-51,56.75,50.44,0.000,True
2026-10-06T03:24:35+00:00,load-1cpu,pifanctl-live-load-1cpu,raspi-51,40.407,40.894,41.9,57.3,raspi-51,57.3,50.44,0.000,True
2026-10-06T03:24:50+00:00,load-1cpu,pifanctl-live-load-1cpu,raspi-51,38.946,40.407,41.35,58.95,raspi-51,58.95,58.14,0.000,True
2026-10-06T03:25:06+00:00,load-1cpu,pifanctl-live-load-1cpu,raspi-51,41.381,40.894,41.9,54.0,raspi-51,54.0,58.14,0.000,True
2026-10-06T03:25:42+00:00,load-2cpu,pifanctl-live-load-2cpu,raspi-51,38.459,39.92,43.55,58.95,raspi-51,58.95,41.34,0.000,True
2026-10-06T03:25:57+00:00,load-2cpu,pifanctl-live-load-2cpu,raspi-51,38.946,38.946,45.2,61.15,raspi-51,61.15,55.06,0.000,True
2026-10-06T03:26:47+00:00,cooldown,,,37.972,39.433,45.2,49.6,raspi-51,49.6,46.22,0.146,True
2026-10-06T03:27:03+00:00,cooldown,,,38.946,39.433,45.2,47.95,raspi-51,47.95,42.88,0.388,True
2026-10-06T03:27:21+00:00,cooldown,,,40.407,39.433,43.0,46.85,raspi-51,46.85,38.26,0.173,True
2026-10-06T03:27:36+00:00,cooldown,,,39.433,39.92,43.0,47.95,raspi-51,47.95,35.18,0.091,True
2026-10-06T03:27:52+00:00,cooldown,,,38.946,39.433,41.35,46.85,raspi-51,46.85,35.18,0.092,True
2026-10-06T03:28:08+00:00,cooldown,,,40.407,38.946,43.55,47.95,raspi-51,47.95,35.18,0.086,True
2026-10-06T03:28:24+00:00,cooldown,,,39.92,39.92,41.35,46.85,raspi-51,46.85,35.18,0.102,True
2026-10-06T03:28:40+00:00,cooldown,,,39.92,40.407,42.45,50.15,raspi-51,50.15,35.18,0.383,True
2026-10-06T03:28:56+00:00,cooldown,,,40.894,39.433,41.35,47.95,raspi-51,47.95,35.18,0.399,True
2026-10-06T03:29:13+00:00,cooldown,,,39.433,39.92,43.0,49.05,raspi-51,49.05,35.18,0.603,True
2026-10-06T03:29:32+00:00,cooldown,,,41.381,39.92,42.45,46.85,raspi-51,46.85,35.18,3.649,True
2026-10-06T03:29:48+00:00,cooldown,,,42.842,40.407,41.35,46.85,raspi-51,46.85,35.18,0.459,True
